variant,map,bs,rep,bw_MiBps,iops,written_GiB,fill_ratio,clat_mean_us,clat_p50_us,clat_p99_us,clat_p999_us,lat_mean_us,slat_mean_us,runtime_s,bw_first10s_MiBps,bw_last20s_MiBps,dev_bytes,chmodel_msgs,kernel_warn,gc_onset_s,gc_onset_last_part_s,bw_pre_gc_MiBps,bw_post_gc_MiBps,gc_cnt,ftl_host_pgs,ftl_gc_pgs,waf_gc,waf_total,blk_wr_ios,blk_wr_merges,blk_avg_req_KiB
wbuffix,4k,4k,1,414.744140625,106174.680422,24.301860809326172,2.1670923417310486,300.35957902200005,69.12,13434.88,16908.288,301.201599128,0.8420201060000001,60.001,1274.28603515625,320.716162109375,12040984064,0,0,6.276948999991873,6.297565000000759,2015.76513671875,236.91823097511573,8133,6370587,13406435,3.1044269546903607,3.1044269546903607,,,
wbuffix,4k,4k,2,415.5029296875,106368.893852,24.3463134765625,2.171056360597472,299.80055950999997,70.144,13303.808,16908.288,300.65125654099995,0.850697031,60.001,1272.47939453125,323.801611328125,12040984064,0,0,6.3416700000088895,6.362200000003213,1992.7486979166667,240.79528694509347,8170,6382240,13471081,3.1107136365915413,3.1107136365915413,,,
wbuffix,4k,4k,3,417.7431640625,106942.442926,24.48126220703125,2.1830902687257305,298.19144118,70.144,13303.808,17170.432,299.041392962,0.849951782,60.01,1271.960205078125,321.3580078125,12040984064,0,0,6.333401999989292,6.3540199999988545,1995.5625813802083,242.55820493344908,8311,6417616,13724008,3.1384900561205282,3.1384900561205282,,,
wbuffix,4k,8k,1,438.130859375,56080.782497,25.67730712890625,2.289746290291245,569.3828087310001,120.32,16580.608,17694.72,570.377011736,0.994203004,60.013,1285.0623046875,330.3716552734375,12040984064,0,0,5.737140999990515,5.756448000000091,2211.021306818182,259.33522971616975,9418,6731152,15677914,3.3291576241332836,3.3291576241332836,3363759,1817,8.004321355959211
wbuffix,4k,8k,2,437.212890625,55963.335167,25.6192626953125,2.284570240255074,570.5790005429999,120.32,16580.608,17956.864,571.570813988,0.991813445,60.003,1285.83330078125,325.344287109375,12040984064,0,0,5.739598999993177,5.758604999995441,2211.0227272727275,258.27139478211006,9366,6715936,15586294,3.320792514997165,3.320792514997165,3356194,1774,8.004228599419461
wbuffix,4k,8k,3,435.708984375,55770.834375,25.53369140625,2.2769395124414973,572.564960905,120.32,16580.608,17694.72,573.5432185909999,0.9782576860000001,60.009,1285.834521484375,334.511279296875,12040984064,0,0,5.739418999990448,5.758342000000994,2211.0227272727275,256.64839270355503,9294,6693504,15461194,3.3098804452794828,3.3098804452794828,3344978,1774,8.004242778278362
wbuffix,4k,16k,1,480.9990234375,30783.988268,28.1864013671875,2.513492074662379,1038.022001332,222.208,17694.72,18481.152,1039.25405901,1.232057677,60.006,1287.867431640625,245.0836181640625,12040984064,0,0,5.69637399999192,5.696589999992284,2217.2897727272725,305.84734267488534,11268,7388896,18809364,3.545625760600772,3.545625760600772,,,
wbuffix,4k,16k,2,481.021484375,30785.422673,28.1900634765625,2.5138186393334303,1037.985227682,222.208,17694.72,18481.152,1039.207546607,1.222318925,60.011,1288.53251953125,244.8519775390625,12040984064,0,0,5.693161999995937,5.69338099999004,2217.7357954545455,305.87035908830273,11272,7389856,18816036,3.546197923207164,3.546197923207164,,,
wbuffix,4k,16k,3,480.8583984375,30774.952511,28.181884765625,2.5130893115680815,1038.35626833,222.208,17694.72,18481.152,1039.564601673,1.208333343,60.014,1288.3326171875,244.5647705078125,12040984064,0,0,5.69309699999576,5.693313999989186,2217.75,305.71146609805044,11272,7387712,18818152,3.547223281037485,3.547223281037485,,,
wbuffix,4k,32k,1,482.4541015625,15438.541528,28.2725830078125,2.521177229921131,2070.787028504,444.416,18219.008,18743.296,2072.462820391,1.6757918870000001,60.008,1290.641552734375,247.503369140625,12040984064,0,0,5.693037999997614,5.693244999987655,2217.7727272727275,307.41237815366975,11276,7411488,18802256,3.5369070286560538,3.5369070286560538,,,
wbuffix,4k,32k,2,482.2421875,15431.768195,28.263946533203125,2.5204070815719004,2071.719447177,444.416,18219.008,18743.296,2073.377193936,1.6577467590000001,60.016,1290.946875,247.1716552734375,12040984064,0,0,5.693209000004572,5.693419999995967,2217.7670454545455,307.2384066800459,11276,7409224,18804224,3.53794783367327,3.53794783367327,,,
wbuffix,4k,32k,3,482.10546875,15427.38119,28.2540283203125,2.5195226355878018,2072.335554616,444.416,18219.008,18743.296,2073.9702273830003,1.634672768,60.012,1290.5625,246.7854248046875,12040984064,0,0,5.693450999999186,5.693652999994811,2217.7727272727275,307.0523312069954,11276,7406624,18807152,3.5392340693951794,3.5392340693951794,,,
wbuffix,4k,64k,1,486.2939453125,7780.70687,28.4990234375,2.5413698120811663,4109.839365491,897.024,19005.44,19529.728,4112.447274062,2.60790857,60.011,1293.667041015625,254.405859375,12040984064,0,0,5.693085999999312,5.69327199998952,2217.871892755682,311.666069380734,11344,7470848,18881936,3.527415361683172,3.527415361683172,466928,0,64.0
wbuffix,4k,64k,2,486.34375,7781.514566,28.4986572265625,2.541337155614061,4109.4702161019995,897.024,19005.44,19529.728,4112.067183307,2.5969672040000003,60.004,1293.673291015625,254.38623046875,12040984064,0,0,5.692842999997083,5.693033000003197,2217.8832563920455,311.65788954988534,11344,7470752,18882016,3.5274585476803404,3.5274585476803404,466921,1,64.000137068155
wbuffix,4k,64k,3,486.3134765625,7781.028709,28.5030517578125,2.5417290332193234,4109.716783511,897.024,19005.44,19529.728,4112.292090271,2.57530676,60.017,1293.673291015625,254.62978515625,12040984064,0,0,5.692764999999781,5.692955999998958,2217.8832563920455,311.74640732511466,11348,7471904,18888672,3.527959674000094,3.527959674000094,466994,0,64.0
wbuffix,16k,4k,1,129.705078125,33204.632947,7.6005706787109375,0.6777727285928248,962.636116725,257.024,14090.24,15269.888,963.509758405,0.87364168,60.005,379.05830078125,58.1427001953125,12040984064,0,0,5.914783999993233,5.944688999996288,535.5759943181819,88.76287449827981,7055,1992444,2400489,2.204796220119612,8.819184880478447,,,
wbuffix,16k,4k,2,129.7607421875,33218.913018,7.60333251953125,0.678019012782243,962.22326365,254.976,13959.168,15400.96,963.0904081470001,0.867144497,60.001,379.035546875,58.3433837890625,12040984064,0,0,5.911013000004459,5.940904000002774,535.5987215909091,88.81206995412845,7061,1993166,2402806,2.205522269595207,8.822080226052194,,,
wbuffix,16k,4k,3,129.697265625,33202.646623,7.599609375,0.6776870053666737,962.6993147840001,257.024,14090.24,15269.888,963.566722738,0.867407954,60.001,378.64296875,58.1924560546875,12040984064,0,0,5.914206999994349,5.944163000007393,535.609375,88.74087048451835,7052,1992192,2399217,2.2043101267347724,8.81724050693909,,,
wbuffix,16k,8k,1,217.2578125,27809.058792,12.731674194335938,1.135333374692522,1149.4019723739998,248.832,16580.608,17694.72,1150.4553575979999,1.0533852240000001,60.008,735.921875,80.7850341796875,12040984064,0,0,5.905100000003586,5.972510000006878,1071.9943181818182,131.0379963446101,8082,1668592,3250164,2.9478482457065596,5.895081755021375,1668405,361,8.001730994572661
wbuffix,16k,8k,2,217.462890625,27835.274709,12.743888854980469,1.1364226039390928,1148.294872374,248.832,16449.536,17694.72,1149.3688392489998,1.073966875,60.009,736.346484375,80.936181640625,12040984064,0,0,5.904936999999336,5.972376999998232,1072.034090909091,131.26311639908258,8106,1670210,3260794,2.952325755443926,5.904096524895428,1670063,304,8.001456232489433
wbuffix,16k,8k,3,217.1875,27800.03666,12.728179931640625,1.1350217775688936,1149.773176237,248.832,16580.608,17694.72,1150.822708217,1.04953198,60.011,736.344921875,80.9638916015625,12040984064,0,0,5.904838999995263,5.972612999990815,1072.0326704545455,130.9661338876147,8074,1668164,3246459,2.946126999503646,5.891745409121097,1668020,288,8.001381278401938
wbuffix,16k,16k,1,419.193359375,26828.40572,24.562957763671875,2.1903753822624443,1191.2709014719999,246.784,16711.68,17956.864,1192.5199276960002,1.2490262239999999,60.002,1280.5560546875,324.75732421875,12040984064,0,0,5.920972000007168,5.942714000004344,2143.2329545454545,245.23820957568807,8250,1609758,3394501,3.108702674563506,3.108702674563506,,,
wbuffix,16k,16k,2,420.21875,26894.04746,24.625518798828125,2.1959541953929125,1188.302653981,246.784,16908.288,17956.864,1189.597475935,1.294821955,60.008,1280.48125,322.744921875,12040984064,0,0,5.920849999994971,5.942567999998573,2143.1988636363635,246.4064471043578,8310,1613858,3421069,3.11980793849273,3.11980793849273,,,
wbuffix,16k,16k,3,421.7509765625,26992.084784,24.716522216796875,2.204069327468549,1184.0529775310001,246.784,16908.288,17956.864,1185.275408125,1.222430594,60.011,1280.3234375,322.7175048828125,12040984064,0,0,5.921049999989918,5.942792999994708,2143.1676136363635,248.12065474483944,8399,1619822,3460675,3.1364538819697474,3.1364538819697474,,,
wbuffix,16k,32k,1,440.150390625,14084.817783,25.7947998046875,2.30022357348749,2270.053876496,464.896,18219.008,18743.296,2271.6856561560003,1.6317796599999999,60.011,1285.85,319.39736328125,12040984064,0,0,5.843335999990813,5.864877999993041,2173.0,265.35550458715596,9392,1690488,3898342,3.3060453549507596,3.3060453549507596,,,
wbuffix,16k,32k,2,442.69140625,14166.136208,25.9437255859375,2.313503870110263,2256.992830563,464.896,18219.008,18743.296,2258.667131625,1.674301062,60.011,1285.8654296875,322.9040283203125,12040984064,0,0,5.8455010000034235,5.867085000005318,2172.034090909091,268.2562087872706,9520,1700248,3954112,3.325608969985555,3.325608969985555,,,
wbuffix,16k,32k,3,441.90234375,14140.878868,25.8966064453125,2.3093020713427297,2261.016159951,464.896,18219.008,18743.296,2262.675990801,1.65983085,60.009,1285.853125,321.991015625,12040984064,0,0,5.8432750000065425,5.86480599999777,2173.0,267.26898473337155,9478,1697160,3935692,3.3189870135991892,3.3189870135991892,,,
wbuffix,16k,64k,1,486.2802734375,7780.499592,28.497314453125,2.5412174152346756,4109.93445085,897.024,19005.44,19529.728,4112.578399227,2.643948377,60.009,1293.673095703125,254.3640869140625,12040984064,0,0,5.693203000002541,5.693322999999509,2217.882901278409,311.6446029243119,11344,1867600,4720596,3.5276269008352967,3.5276269008352967,466900,0,64.0
wbuffix,16k,64k,2,486.4716796875,7783.553607,28.50469970703125,2.541875987321297,4108.4000970239995,897.024,19005.44,19529.728,4110.984835832,2.584738808,60.001,1293.673291015625,254.700244140625,12040984064,0,0,5.692716999998083,5.692835000008927,2217.8832563920455,311.77622383887615,11348,1868084,4722020,3.5277342988859175,3.5277342988859175,467020,1,64.00013703909897
wbuffix,16k,64k,3,486.4501953125,7783.213637,28.5091552734375,2.5422733076710764,4108.5780798999995,897.024,19005.44,19529.728,4111.113751483,2.535671582,60.013,1293.673291015625,254.9244140625,12040984064,0,0,5.692995999997947,5.6931169999879785,2217.8832563920455,311.857368119266,11348,1868376,4721864,3.5272557558007596,3.5272557558007596,467093,1,64.00013701768171
wbuffix,32k,4k,1,68.2978515625,17484.250525,4.001960754394531,0.3568705528684603,1828.997847167,577.536,14483.456,15400.96,1829.9757989920001,0.977951826,60.002,189.89375,32.7849853515625,12040984064,0,0,6.061479000010877,6.144004000001587,256.08203125,47.436044198495374,7222,1049090,1190140,2.1344498565423367,17.075598852338693,,,
wbuffix,32k,4k,2,68.236328125,17468.632842,3.9992523193359375,0.35662903108049493,1830.629704154,569.344,14483.456,15400.96,1831.593495434,0.96379128,60.015,189.82890625,32.3240966796875,12040984064,0,0,6.061111999995774,6.143710000003921,256.0885416666667,47.38375289351852,7209,1048380,1187519,2.1327180983994354,17.061744787195483,,,
wbuffix,32k,4k,3,68.3310546875,17492.768595,4.004844665527344,0.3571277225469136,1828.1072870970002,569.344,14483.456,15532.032,1829.075747034,0.968459937,60.016,189.655078125,32.7852294921875,12040984064,0,0,6.061260999995284,6.143885999990744,256.07421875,47.491310402199076,7237,1049846,1193186,2.1365343107465287,17.09227448597223,,,
wbuffix,32k,8k,1,131.8935546875,16882.453918,7.728431701660156,0.6891745980139851,1894.1141342239998,561.152,15007.744,15925.248,1895.208209823,1.0940755999999998,60.002,377.1015625,59.9103271484375,12040984064,0,0,6.0670829999871785,6.122087999989162,512.5690104166666,89.60399486400463,7344,1012980,1257468,2.2413552093822187,8.965411986996795,1012980,1,8.000007897490573
wbuffix,32k,8k,2,131.82421875,16873.604213,7.7243804931640625,0.688813335846634,1895.132102067,561.152,15007.744,16056.32,1896.1988446750001,1.066742608,60.002,377.0984375,60.5785888671875,12040984064,0,0,6.0666350000101374,6.121722000010777,512.56640625,89.52584273726852,7329,1012450,1254180,2.238757469504667,8.955029878018667,1012450,0,8.0
wbuffix,32k,8k,3,132.12890625,16912.55228,7.743629455566406,0.69052984139885,1890.755612664,561.152,15138.816,16056.32,1891.824241523,1.068628859,60.013,377.25078125,61.0137451171875,12040984064,0,0,6.066663999998127,6.12164899999334,512.5690104166666,89.89108615451389,7386,1014973,1266264,2.2475839258778314,8.990335703511326,1014973,0,8.0
wbuffix,32k,16k,1,219.1376953125,14024.842961,12.843765258789062,1.1453289749989657,2280.1316345230002,536.576,17694.72,17956.864,2281.387770809,1.2561362859999998,60.017,741.178125,82.053955078125,12040984064,0,0,6.063628999996581,6.100835000004736,1026.8541666666667,129.45908383969908,8241,841716,1658397,2.9702571888855624,5.940422630086405,,,
wbuffix,32k,16k,2,219.869140625,14071.686857,12.8853759765625,1.1490395660737915,2272.596577548,536.576,17694.72,17956.864,2273.82658703,1.230009482,60.011,741.165625,82.5994873046875,12040984064,0,0,6.06400699999358,6.101137999998173,1026.84375,130.24903247974538,8332,844448,1678949,2.9882207074917577,5.976384796839622,,,
wbuffix,32k,16k,3,219.689453125,14060.135968,12.875442504882812,1.1481537594035636,2274.4383619769997,536.576,17432.576,17956.864,2275.689246854,1.250884877,60.014,741.171875,81.829931640625,12040984064,0,0,6.063796000002185,6.10086500000034,1026.875,130.05730975115742,8296,843792,1670390,2.9796229402506778,5.959154069956921,,,
wbuffix,32k,32k,1,424.5185546875,13584.62359,24.874603271484375,2.2181660357689514,2353.6918895840004,522.24,17694.72,18219.008,2355.361397049,1.669507465,60.001,1277.778125,323.905224609375,12040984064,0,0,6.096136000007391,6.140668000007281,2032.765625,245.83840603298611,8398,815091,1724901,3.1162066566800517,3.1162066566800517,,,
wbuffix,32k,32k,2,424.8447265625,13595.056749,24.893707275390625,2.2198696148029384,2351.873088164,522.24,17694.72,18219.008,2353.546355665,1.673267501,60.001,1277.990625,321.3301513671875,12040984064,0,0,6.095870000004652,6.1403730000020005,2032.7708333333333,246.1866138599537,8418,815717,1729407,3.1201066055997364,3.1201066055997364,,,
wbuffix,32k,32k,3,424.583984375,13586.703324,24.88421630859375,2.2190232680304627,2353.28418596,522.24,17694.72,18219.008,2354.9575882950003,1.673402335,60.015,1278.2625,323.1380615234375,12040984064,0,0,6.096105000004172,6.140618000004906,2032.7760416666667,246.00666413483796,8411,815406,1727911,3.1190805561891866,3.1190805561891866,,,
wbuffix,32k,64k,1,447.1337890625,7154.148683,26.20233154296875,2.3365647786310366,4470.067407348,978.944,19005.44,19791.872,4472.653492698,2.5860853510000004,60.007,1286.8193359375,319.8061279296875,12040984064,0,0,5.972408000001451,5.994797999999719,2124.2624289772725,277.9536088016055,9562,858598,1979380,3.305362928867759,3.305362928867759,429299,0,64.0
wbuffix,32k,64k,2,447.111328125,7153.791035,26.20233154296875,2.3365647786310366,4470.220853226,978.944,19005.44,19529.728,4472.850019991,2.629166765,60.01,1286.823779296875,320.04267578125,12040984064,0,0,5.97267400000419,5.995062000001781,2124.202325994318,277.9603103497706,9562,858598,1979380,3.305362928867759,3.305362928867759,429298,1,64.00014908059204
wbuffix,32k,64k,3,447.1640625,7154.625602,26.20233154296875,2.3365647786310366,4469.785987144,978.944,19005.44,19529.728,4472.381158366999,2.595171223,60.003,1286.81787109375,320.0354248046875,12040984064,0,0,5.9726579999987734,5.995077999992645,2124.2370383522725,277.95671767488534,9562,858598,1979380,3.305362928867759,3.305362928867759,429299,0,64.0
