variant,map,bs,metric,n_pairs,nodrop_mean,drop_mean,mean_diff,mean_diff_pct,sd_diff,paired_t,p_two_sided,ci95_low_pct,ci95_high_pct
wbuffix,4k,4k,bw_MiBps,3,415.9967447916667,417.6031901041667,1.6064453125,0.3865961609081314,1.3748782710898233,2.0237754565902804,0.18030609803341185,,
wbuffix,4k,4k,iops,3,106495.33906666667,106906.56287933333,411.22381266666343,0.38657081700124124,351.97068287645857,2.023635977292035,0.18032463497387577,,
wbuffix,4k,4k,clat_mean_us,3,299.4505265706667,298.29576370266665,-1.1547628680000155,-0.38519740068836955,0.9885898207174881,-2.023192952379747,0.18038353051849054,,
wbuffix,4k,4k,clat_p99_us,3,13347.498666666666,13391.189333333334,43.6906666666661,0.3284072249589448,75.67445448322165,0.9999999999999999,0.4226497308103746,,
wbuffix,4k,4k,gc_onset_s,3,6.317340333330018,6.340055666665042,0.022715333335023995,0.3615038255094254,0.041832671841102356,0.9405115598776387,0.4462366626784955,,
wbuffix,4k,4k,bw_pre_gc_MiBps,3,2001.3588053385417,2004.8642306857637,3.5054253472221717,0.17758429290164637,14.993452481689467,0.40494841404562393,0.7247212052190145,,
wbuffix,4k,4k,bw_post_gc_MiBps,3,240.09057428455276,241.35381100501544,1.263236720462667,0.5321478507486849,2.440092967486461,0.8966831227262092,0.46451557311159364,,
wbuffix,4k,4k,waf_total,3,3.1178768824674763,3.136621976006305,0.0187450935388281,0.6023510274460072,0.01786961642609894,1.816908299971228,0.21087150474490504,,
wbuffix,4k,16k,bw_MiBps,3,480.9596354166667,480.8258463541667,-0.1337890625,-0.027814312968245502,0.20658625155972044,-1.1217080129846835,0.37857455957324426,,
wbuffix,4k,16k,iops,3,30781.454484,30772.89142666667,-8.563057333334049,-0.027816066129421002,13.260709746498291,-1.1184658025846903,0.3796789585289534,,
wbuffix,4k,16k,clat_mean_us,3,1038.1211657813333,1038.4085176226667,0.287351841333475,0.027683336357923926,0.45316174051843866,1.0983009913163622,0.38663122431344843,,
wbuffix,4k,16k,clat_p99_us,3,17694.72,17694.72,0.0,0.0,0.0,0.0,nan,,
wbuffix,4k,16k,gc_onset_s,3,5.694210999994539,5.7234403333325945,0.02922933333805607,0.5133278529302051,0.005688327198791989,8.900101672004968,0.012390239068836377,,
wbuffix,4k,16k,bw_pre_gc_MiBps,3,2217.591856060606,2217.8403468276515,0.2484907670454959,0.01120592917583073,0.2754255388600667,1.5626678466924238,0.25855185657747076,,
wbuffix,4k,16k,bw_post_gc_MiBps,3,305.80972262041286,305.6893754778287,-0.12034714258409925,-0.039347676845663274,0.22152778510883694,-0.9409535936947386,0.4460562480351383,,
wbuffix,4k,16k,waf_total,3,3.5463489882818067,3.54726744905606,0.0009184607742532455,0.02590359975768405,0.001324544997210338,1.201031848005272,0.35268008468807255,,
wbuffix,4k,32k,bw_MiBps,3,482.2672526041667,482.3024088541667,0.03515625,0.007296914472945378,0.1892415861529582,0.3217707716441135,0.7781437983854067,,
wbuffix,4k,32k,iops,3,15432.563637666666,15433.686281666667,1.1226440000003397,0.007281648797079518,6.051919986952773,0.32129910028635633,0.7784530353668772,,
wbuffix,4k,32k,clat_mean_us,3,2071.614010099,2071.48825275,-0.1257573489998928,-0.006062574548989115,0.8432753252562823,-0.2583001202208634,0.8203265540124576,,
wbuffix,4k,32k,clat_p99_us,3,18219.008,18219.008,0.0,0.0,0.0,0.0,nan,,
wbuffix,4k,32k,gc_onset_s,3,5.693232666667124,5.725658333331618,0.0324256666644942,0.5695477238297996,0.0004631903788424599,121.25230725333891,6.801045349143869e-05,,
wbuffix,4k,32k,bw_pre_gc_MiBps,3,2217.7708333333335,2217.7708333333335,0.0,0.0,0.0,0.0,nan,,
wbuffix,4k,32k,bw_post_gc_MiBps,3,307.23437201357035,307.21200962824923,-0.022362385321116562,-0.007259735801477742,0.17749295990032915,-0.21822154285080758,0.8474989364515572,,
wbuffix,4k,32k,waf_total,3,3.5380296439081675,3.5382017588083343,0.00017211490016677544,0.004870561589276271,0.0011498034020099904,0.25927193406052373,0.8196725028393145,,
wbuffix,16k,4k,bw_MiBps,3,129.72102864583334,129.8515625,0.13053385416666666,0.10058855377410424,0.2833585466124391,0.7978981761001449,0.5086149597742562,,
wbuffix,16k,4k,iops,3,33208.73086266667,33242.09360866667,33.3627460000013,0.10042565401793097,72.60060877347289,0.7959433416367118,0.5095289648871408,,
wbuffix,16k,4k,clat_mean_us,3,962.5195650530001,961.5350888836666,-0.9844761693333339,-0.10231935887012801,2.0964657680070826,-0.8133511026736474,0.5014467408235526,,
wbuffix,16k,4k,clat_p99_us,3,14046.549333333334,14133.930666666667,87.38133333333342,0.6230665647632572,75.67445448322269,2.0,0.18350341907227144,,
wbuffix,16k,4k,gc_onset_s,3,5.913334666664014,5.947486666666616,0.0341520000026018,0.5775491691394031,0.0027023828288804427,21.889200357709854,0.0020805740949764416,,
wbuffix,16k,4k,bw_pre_gc_MiBps,3,535.594696969697,535.5539772727273,-0.0407196969697452,-0.00760292305725437,0.05902297732401229,-1.1949343665473484,0.35459548696851273,,
wbuffix,16k,4k,bw_post_gc_MiBps,3,88.77193831230886,88.92810767870795,0.156169366399079,0.17582583999355658,0.3124003599294047,0.8658545631963098,0.4778419623619775,,
wbuffix,16k,4k,waf_total,3,8.819501871156577,8.83303257885059,0.013530707694011804,0.15336229290037082,0.026923815816890757,0.8704514006402088,0.47583001405181946,,
wbuffix,16k,16k,bw_MiBps,3,420.3876953125,420.3313802083333,-0.056315104166666664,-0.013006939407023355,1.0572313313423913,-0.09226043417229304,0.9349004060128772,,
wbuffix,16k,16k,iops,3,26904.845988,26901.224862666666,-3.6211253333337177,-0.013069944338071321,67.67716832253436,-0.09267487416166638,0.9346092219594236,,
wbuffix,16k,16k,clat_mean_us,3,1187.8755109946667,1188.0324921863332,0.15698119166662158,0.013605261639022481,3.0018831782531477,0.09057627617525076,0.9360838597312948,,
wbuffix,16k,16k,clat_p99_us,3,16842.752,16711.68,-131.07200000000012,-0.775193798449613,113.51168172483405,-2.0,0.18350341907227144,,
wbuffix,16k,16k,gc_onset_s,3,5.920957333330686,5.956549333330865,0.035592000000178814,0.6011183552530251,0.003882581236286687,15.877878295796002,0.003943123885071893,,
wbuffix,16k,16k,bw_pre_gc_MiBps,3,2143.1998106060605,2142.131747159091,-1.0680634469695178,-0.04983547347146003,1.3839043190764744,-1.3367543769882002,0.3130755209098948,,
wbuffix,16k,16k,bw_post_gc_MiBps,3,246.58843714162845,246.6756080370795,0.08717089545107608,0.03666364162304028,1.1397560527528625,0.13247082083737527,0.9067372464688179,,
wbuffix,16k,16k,waf_total,3,3.1216548316753276,3.1223022287838096,0.0006473971084817917,0.021581917741382083,0.012034164020434715,0.09317844452340589,0.93425543771065,,
wbuffix,16k,32k,bw_MiBps,3,441.5813802083333,440.6373697916667,-0.9440104166666666,-0.21320577721725456,1.4104538988226232,-1.1592537734879607,0.36605165781383153,,
wbuffix,16k,32k,iops,3,14130.610953000001,14100.403881999999,-30.207071000000116,-0.21319670633697443,45.13901851260115,-1.1590899280460596,0.366105253201886,,
wbuffix,16k,32k,clat_mean_us,3,2262.6876223366667,2267.517307082333,4.829684745666327,0.21402877137395734,7.24890309502221,1.1540034753366804,0.3677736292476781,,
wbuffix,16k,32k,clat_p99_us,3,18219.008,18219.008,0.0,0.0,0.0,0.0,nan,,
wbuffix,16k,32k,gc_onset_s,3,5.844037333333593,5.87507766666143,0.03104033332783729,0.5311491204642452,0.0015140324743318594,35.51009329004878,0.0007921002088567171,,
wbuffix,16k,32k,bw_pre_gc_MiBps,3,2172.6780303030305,2173.058712121212,0.3806818181816804,0.017525155543813835,0.48714757339468917,1.3535123371622573,0.30856761788346243,,
wbuffix,16k,32k,bw_post_gc_MiBps,3,266.9602327025994,265.9465000205732,-1.0137326820261972,-0.3779265971067571,1.3953834723536669,-1.2583182654448217,0.33527044956689067,,
wbuffix,16k,32k,waf_total,3,3.3168804461785015,3.3078067612346493,-0.00907368494385219,-0.27291598913378984,0.012284352134747127,-1.27935793131253,0.3291352990868237,,
wbuffix,32k,4k,bw_MiBps,3,68.28841145833333,68.255859375,-0.032552083333333336,-0.04770892053979484,0.058758990093682066,-0.9595444396790566,0.43853883870103294,,
wbuffix,32k,4k,iops,3,17481.883987333335,17473.608926666668,-8.275060666666832,-0.04737548091565899,15.129352227067029,-0.9473522260087069,0.4434533944861674,,
wbuffix,32k,4k,clat_mean_us,3,1829.2449461393335,1830.125021315,0.8800751756666614,0.048070563569529,1.602808056299836,0.9510402151669783,0.4419605858548299,,
wbuffix,32k,4k,clat_p99_us,3,14483.456,14396.074666666667,-87.38133333333342,-0.6033182503770744,75.67445448322269,-2.0,0.18350341907227144,,
wbuffix,32k,4k,gc_onset_s,3,6.0612840000006445,6.093868666663184,0.03258466666253904,0.5375868621669131,0.0002386552616463645,236.48461725869166,1.788061940940506e-05,,
wbuffix,32k,4k,bw_pre_gc_MiBps,3,256.08159722222223,256.0959201388889,0.014322916666666666,0.005593127698263724,0.006210541675899519,3.9945017156089855,0.057335218084064395,,
wbuffix,32k,4k,bw_post_gc_MiBps,3,47.43703583140432,47.396104600694436,-0.04093123070988014,-0.08638557705115708,0.0693640221660634,-1.0220712264364846,0.4142477978107636,,
wbuffix,32k,4k,waf_total,3,17.076539375168803,17.061876007412632,-0.014663367756170942,-0.08591987175040124,0.018490532065605855,-1.3735514950917742,0.30328111788123346,,
wbuffix,32k,16k,bw_MiBps,3,219.5654296875,219.51106770833334,-0.054361979166666664,-0.02452741585647421,0.45685002138223285,-0.2061020149058689,0.8557872894886009,,
wbuffix,32k,16k,iops,3,14052.221928666666,14048.746052,-3.475876666666712,-0.024503730665536173,29.248445710443043,-0.20583640741498743,0.8559692812271142,,
wbuffix,32k,16k,clat_mean_us,3,2275.7221913493336,2276.2447357650003,0.5225444156668951,0.02319108706829731,4.724183395217725,0.19158305286425914,0.865756544002137,,
wbuffix,32k,16k,clat_p99_us,3,17607.338666666667,17519.957333333336,-87.38133333333342,-0.4938271604938276,151.34890896644538,-1.0,0.4226497308103746,,
wbuffix,32k,16k,gc_onset_s,3,6.063810666664115,6.091899333332549,0.028088666668433387,0.4632171587085663,0.0030785802502782157,15.80306304576481,0.003980324387837182,,
wbuffix,32k,16k,bw_pre_gc_MiBps,3,1026.857638888889,1026.9491102430557,0.09147135416666667,0.00890786387392241,0.046937477013607294,3.375405815013526,0.07768100818588128,,
wbuffix,32k,16k,bw_post_gc_MiBps,3,129.9218086902006,129.8597728587963,-0.06203583140433011,-0.046995606036976945,0.4765605174867902,-0.22546813665707224,0.8425583175165547,,
wbuffix,32k,16k,waf_total,3,5.958653832294316,5.953826741775742,-0.004827090518574846,-0.08060045836403583,0.013953956528663042,-0.5991681293926673,0.6098923123191178,,
wbuffix,32k,32k,bw_MiBps,3,424.6490885416667,424.2630208333333,-0.3860677083333333,-0.09092794256909871,0.305332121412157,-2.190037795245186,0.15992813444443302,,
wbuffix,32k,32k,iops,3,13588.794554333334,13576.439449666666,-12.355104666666497,-0.09093466314883684,9.775278111198238,-2.1891621672618142,0.1600270188836903,,
wbuffix,32k,32k,clat_mean_us,3,2352.949721236,2355.0900509046664,2.1403296686665576,0.09094999091572765,1.6833226039936489,2.2022871446521166,0.15855355256652695,,
wbuffix,32k,32k,clat_p99_us,3,17694.72,17519.957333333336,-174.76266666666683,-0.9876543209876552,151.34890896644538,-2.0,0.18350341907227144,,
wbuffix,32k,32k,gc_onset_s,3,6.096037000005405,6.123493666668462,0.02745666666305624,0.4504027381092448,0.0032328474069471145,14.71035767562103,0.004589398601219841,,
wbuffix,32k,32k,bw_pre_gc_MiBps,3,2032.7708333333333,2033.0023328993057,0.2314995659722475,0.011388375568914403,0.20058756016709334,1.9989724679838614,0.1836433203369063,,
wbuffix,32k,32k,bw_post_gc_MiBps,3,246.0105613425926,245.6010712046682,-0.4094901379243841,-0.1665183625475117,0.34803047091932504,-2.0379184679143494,0.17843977331637534,,
wbuffix,32k,32k,waf_total,3,3.118464606156325,3.113960544517474,-0.0045040616388510495,-0.14446405420321687,0.002397821170538704,-3.2534801572209404,0.08289459018177313,,
wbuffix,ALL,ALL,bw_MiBps,27,,,,0.008587813399698866,0.23310979023163614,0.19142734141820578,0.8496778926775987,-0.08362734837328137,0.10080297517267911
wbuffix,ALL,ALL,iops,27,,,,0.00859794758686144,0.23313037118758284,0.19163631900979142,0.8495158615616962,-0.08362535574113535,0.10082125091485823
wbuffix,ALL,ALL,clat_mean_us,27,,,,-0.008450035909225438,0.23310245458757384,-0.1883621287444839,0.8520552789977577,-0.1006622957980624,0.08376222397961153
wbuffix,ALL,ALL,clat_p99_us,27,,,,-0.21205774895399648,0.6914310438185601,-1.5936287440836565,0.12310507760732292,-0.48557876022182767,0.0614632623138347
wbuffix,ALL,ALL,gc_onset_s,27,,,,0.5117114229012031,0.2024403333494474,13.13439128380097,5.519144384383945e-13,0.4316286941979372,0.5917941516044689
wbuffix,ALL,ALL,bw_pre_gc_MiBps,27,,,,0.019418483137075233,0.21706818427828195,0.46483734377510394,0.6459174201432201,-0.06645083067037327,0.10528779694452373
wbuffix,ALL,ALL,bw_post_gc_MiBps,27,,,,0.002244864108415324,0.44482801144120626,0.026222845179639027,0.9792798303339852,-0.17372323656828026,0.1782129647851109
wbuffix,ALL,ALL,waf_total,27,,,,0.024907669553697404,0.3420757628610461,0.3783490721849068,0.708242992593571,-0.11041299535489281,0.16022833446228762
