variant,map,bs,rep,nodrop_bw_MiBps,drop_bw_MiBps,diff_pct
wbuffix,4k,4k,1,414.744140625,415.9443359375,0.28938210210549614
wbuffix,4k,4k,2,415.5029296875,418.6416015625,0.7553910335507374
wbuffix,4k,4k,3,417.7431640625,418.2236328125,0.11501534706816062
wbuffix,4k,16k,1,480.9990234375,480.6298828125,-0.07674456849452739
wbuffix,4k,16k,2,481.021484375,480.9716796875,-0.01035394241583869
wbuffix,4k,16k,3,480.8583984375,480.8759765625,0.003655572005629581
wbuffix,4k,32k,1,482.4541015625,482.2822265625,-0.03562515054662341
wbuffix,4k,32k,2,482.2421875,482.44140625,0.04131093362709997
wbuffix,4k,32k,3,482.10546875,482.18359375,0.01620496033835957
wbuffix,16k,4k,1,129.705078125,129.7685546875,0.04893914981403123
wbuffix,16k,4k,2,129.7607421875,130.2021484375,0.3401693320790216
wbuffix,16k,4k,3,129.697265625,129.583984375,-0.08734282057074015
wbuffix,16k,16k,1,419.193359375,420.3544921875,0.2769921771258975
wbuffix,16k,16k,2,420.21875,419.4755859375,-0.17685171413698222
wbuffix,16k,16k,3,421.7509765625,421.1640625,-0.13916128120998536
wbuffix,16k,32k,1,440.150390625,440.4306640625,0.06367674401061427
wbuffix,16k,32k,2,442.69140625,440.205078125,-0.5616391214958218
wbuffix,16k,32k,3,441.90234375,441.2763671875,-0.14165495416655619
wbuffix,32k,4k,1,68.2978515625,68.275390625,-0.032886740923974436
wbuffix,32k,4k,2,68.236328125,68.140625,-0.1402524544179523
wbuffix,32k,4k,3,68.3310546875,68.3515625,0.030012433722542198
wbuffix,32k,16k,1,219.1376953125,219.6103515625,0.2156891580546977
wbuffix,32k,16k,2,219.869140625,219.5712890625,-0.13546765210130315
wbuffix,32k,16k,3,219.689453125,219.3515625,-0.1538037535228172
wbuffix,32k,32k,1,424.5185546875,423.7802734375,-0.17391024299125618
wbuffix,32k,32k,2,424.8447265625,424.6484375,-0.04620254182939079
wbuffix,32k,32k,3,424.583984375,424.3603515625,-0.05267104288664916
