variant,map,bs,rep,bw_MiBps,iops,written_GiB,fill_ratio,clat_mean_us,clat_p50_us,clat_p99_us,clat_p999_us,lat_mean_us,slat_mean_us,runtime_s,bw_first10s_MiBps,bw_last20s_MiBps,dev_bytes,chmodel_msgs,kernel_warn,gc_onset_s,gc_onset_last_part_s,bw_pre_gc_MiBps,bw_post_gc_MiBps,gc_cnt,ftl_host_pgs,ftl_gc_pgs,waf_gc,waf_total
wbuffix_drop,4k,4k,1,415.9443359375,106481.802426,24.375,2.173614450520711,299.484154881,70.144,13434.88,17170.432,300.330947165,0.846792283,60.008,1272.544775390625,325.399072265625,12040984064,0,0,6.340591000000131,6.361433000012767,2004.6651204427083,239.5553837528935,8199,6389760,13522725,3.1163118802584133,3.1163118802584133
wbuffix_drop,4k,4k,2,418.6416015625,107172.397127,24.530223846435547,2.1874563703433867,297.547593377,70.144,13434.88,17170.432,298.39544251999996,0.847849143,60.001,1272.011865234375,316.22392578125,12040984064,0,0,6.366141999998945,6.386889000001247,1995.506103515625,243.50189887152777,8366,6430451,13823810,3.1497419076826803,3.1497419076826803
wbuffix_drop,4k,4k,3,418.2236328125,107065.489085,24.509429931640625,2.185602095320571,297.85554285,69.12,13303.808,17170.432,298.695582392,0.840039542,60.01,1273.897802734375,319.8978515625,12040984064,0,0,6.31343399999605,6.334209999986342,2014.4214680989583,241.004150390625,8339,6425000,13773993,3.143812140077821,3.143812140077821
wbuffix_drop,4k,16k,1,480.6298828125,30760.319285,28.1661376953125,2.5116850834825586,1038.823218855,222.208,17694.72,18481.152,1040.053931039,1.230712185,60.009,1288.473193359375,244.111572265625,12040984064,0,0,5.722158999997191,5.722374000004493,2217.707120028409,305.47170656536696,11268,7383584,18813820,3.548060670807023,3.548060670807023
wbuffix_drop,4k,16k,2,480.9716796875,30782.243551,28.1876220703125,2.5136009295527293,1038.1011575530001,222.208,17694.72,18481.152,1039.307315702,1.2061581490000002,60.012,1288.066552734375,244.94091796875,12040984064,0,0,5.728956999999355,5.7291820000100415,2217.6664595170455,305.8636844180046,11272,7389216,18816864,3.546530511491341,3.546530511491341
wbuffix_drop,4k,16k,3,480.8759765625,30776.111444,28.1820068359375,2.5131001970571165,1038.30117646,222.208,17694.72,18481.152,1039.511290851,1.210114391,60.012,1288.509228515625,244.424755859375,12040984064,0,0,5.719205000001239,5.719417000000249,2218.1474609375,305.73273545011466,11272,7387744,18818144,3.547211164869817,3.547211164869817
wbuffix_drop,4k,32k,1,482.2822265625,15433.037797,28.2606201171875,2.520110451995695,2071.598068463,444.416,18219.008,18743.296,2073.230895389,1.632826926,60.004,1290.579443359375,247.0121337890625,12040984064,0,0,5.725743000002694,5.725950000007288,2217.7727272727275,307.1852064220183,11276,7408352,18805408,3.5384063824181142,3.5384063824181142
wbuffix_drop,4k,32k,2,482.44140625,15438.126031,28.268524169921875,2.520815287410715,2070.895244707,444.416,18219.008,18743.296,2072.537857668,1.64261296,60.001,1290.571875,247.260205078125,12040984064,0,0,5.7258899999869755,5.726096999991569,2217.7670454545455,307.32505196387615,11276,7410424,18803408,3.5374267383350806,3.5374267383350806
wbuffix_drop,4k,32k,3,482.18359375,15429.895017,28.2576904296875,2.5198492002588537,2071.97144508,444.416,18219.008,18743.296,2073.627213065,1.655767985,60.01,1290.634326171875,246.9989501953125,12040984064,0,0,5.725342000005185,5.725543000007747,2217.7727272727275,307.1257704988532,11276,7407584,18806168,3.5387721556718086,3.5387721556718086
wbuffix_drop,16k,4k,1,129.7685546875,33220.755849,7.6051483154296875,0.6781809344316395,962.123924644,254.976,14221.312,15532.032,963.034422083,0.910497439,60.012,378.764013671875,58.1465087890625,12040984064,0,0,5.949479999995674,5.979351999994833,535.4673295454545,88.86144459575688,7066,1993644,2405043,2.2063552971342926,8.82542118853717
wbuffix_drop,16k,4k,2,130.2021484375,33331.944537,7.629585266113281,0.6803600732678455,958.9464646270001,254.976,14090.24,15532.032,959.815794966,0.869330338,60.004,378.54169921875,59.3561279296875,12040984064,0,0,5.94755399999849,5.977396999995108,535.5965909090909,89.30543112098624,7133,2000050,2432776,2.2163575910602233,8.865430364240893
wbuffix_drop,16k,4k,3,129.583984375,33173.58044,7.59295654296875,0.6770937462142629,963.53487738,254.976,14090.24,15400.96,964.403761361,0.86888398,60.001,378.553173828125,57.9833984375,12040984064,0,0,5.945426000005682,5.975239000006695,535.5980113636364,88.61744731938073,7036,1990448,2392641,2.2020615459434256,8.808246183773702
wbuffix_drop,16k,16k,1,420.3544921875,26902.716214,24.63427734375,2.196735229231178,1187.973868352,246.784,16711.68,17956.864,1189.212842349,1.238973997,60.01,1279.126416015625,322.8022705078125,12040984064,0,0,5.954926999998861,5.976613999999245,2142.6761363636365,246.6302680619266,8324,1614432,3427697,3.123159724286932,3.123159724286932
wbuffix_drop,16k,16k,2,419.4755859375,26846.440949,24.585205078125,2.192359262639084,1190.438914933,246.784,16711.68,17956.864,1191.695231071,1.2563161379999999,60.016,1280.016552734375,323.681591796875,12040984064,0,0,5.953645999994478,5.975279999998747,2143.186345880682,245.6928666141055,8270,1611216,3403230,3.1122121428784224,3.1122121428784224
wbuffix_drop,16k,16k,3,421.1640625,26954.517425,24.678009033203125,2.200634955677988,1185.684693274,244.736,16711.68,17956.864,1186.933652102,1.2489588280000001,60.001,1279.605517578125,324.028271484375,12040984064,0,0,5.961074999999255,5.9827860000077635,2140.5327592329545,247.70368943520643,8368,1617298,3447327,3.1315348191860743,3.1315348191860743
wbuffix_drop,16k,32k,1,440.4306640625,14093.78177,25.806915283203125,2.30130395827422,2268.57235335,464.896,18219.008,18743.296,2270.244160867,1.671807518,60.001,1285.853125,318.9185302734375,12040984064,0,0,5.875122999990708,5.896677999990061,2173.096590909091,265.5881862815367,9398,1691282,3900672,3.30634039740268,3.30634039740268
wbuffix_drop,16k,32k,2,440.205078125,14086.565224,25.793701171875,2.3001256040861744,2269.7397457929997,464.896,18219.008,18743.296,2271.405379718,1.665633926,60.001,1285.85390625,322.5486328125,12040984064,0,0,5.874798999997438,5.8963650000077905,2172.9772727272725,265.73499891493054,9380,1690416,3892398,3.3026272822784453,3.3026272822784453
wbuffix_drop,16k,32k,3,441.2763671875,14120.864652,25.85650634765625,2.3057261881947126,2264.239822104,464.896,18219.008,18743.296,2265.9051814,1.665359296,60.001,1285.873095703125,320.5162109375,12040984064,0,0,5.875310999996145,5.8968290000048,2173.1022727272725,266.5163148652523,9446,1694532,3921914,3.3144526040228217,3.3144526040228217
wbuffix_drop,32k,4k,1,68.275390625,17478.713655,4.001560211181641,0.356834834857564,1829.565709412,569.344,14352.384,15400.96,1830.554676534,0.988967122,60.015,189.659619140625,32.7544921875,12040984064,0,0,6.093963999999687,6.176249000011012,256.08984375,47.427933304398145,7220,1048985,1189679,2.134123938855179,17.072991510841433
wbuffix_drop,32k,4k,2,68.140625,17444.046329,3.9929580688476562,0.35606774805212466,1833.245723122,569.344,14352.384,15400.96,1834.204400891,0.95867777,60.005,189.731201171875,32.297265625,12040984064,0,0,6.0935239999962505,6.175818000003346,256.103515625,47.263138382523145,7177,1046730,1180946,2.1282240883513417,17.025792706810734
wbuffix_drop,32k,4k,3,68.3515625,17498.066796,4.005256652832031,0.3571644610724069,1827.563631411,569.344,14483.456,15400.96,1828.540051276,0.976419865,60.004,189.7390625,32.485009765625,12040984064,0,0,6.094117999993614,6.176477000000887,256.0944010416667,47.49724211516204,7235,1049954,1192596,2.1358554755732158,17.086843804585726
wbuffix_drop,32k,16k,1,219.6103515625,14055.110237,12.869338989257812,1.1476094849518106,2275.2043589200002,536.576,17694.72,17956.864,2276.490396247,1.286037327,60.007,741.280908203125,81.875390625,12040984064,0,0,6.090181999999913,6.127212999999756,1026.9838053385417,129.94729275173611,8279,843375,1666474,2.975958500074107,5.951705289866672
wbuffix_drop,32k,16k,2,219.5712890625,14052.572819,12.868087768554688,1.1474979086892012,2275.6378643840003,536.576,17432.576,17956.864,2276.8971435480003,1.259279163,60.012,741.572216796875,82.0829833984375,12040984064,0,0,6.095639999999548,6.132565000007162,1026.8828125,129.91761610243054,8298,843310,1671381,2.981929539552478,5.963767144972922
wbuffix_drop,32k,16k,3,219.3515625,14038.5551,12.856536865234375,1.1464678692892587,2277.891983991,536.576,17432.576,17956.864,2279.1571139449998,1.265129954,60.018,741.249365234375,82.89111328125,12040984064,0,0,6.089875999998185,6.126929999998538,1026.980712890625,129.71440972222223,8260,842535,1662417,2.973113283127704,5.94600779048763
wbuffix_drop,32k,32k,1,423.7802734375,13560.991868,24.834228515625,2.2145656602706056,2357.773716575,528.384,17694.72,18219.008,2359.458112906,1.68439633,60.008,1278.21220703125,321.2861572265625,12040984064,0,0,6.12184900000284,6.1664290000044275,2033.1193033854167,245.05824110243054,8360,813768,1716494,3.1093161687360524,3.1093161687360524
wbuffix_drop,32k,32k,2,424.6484375,13588.769474,24.88800048828125,2.2193607181905493,2352.96194681,522.24,17432.576,18219.008,2354.6271875260004,1.665240716,60.015,1277.78125,320.5233154296875,12040984064,0,0,6.127057000005152,6.171579000001657,2032.7708333333333,246.09690574363427,8409,815530,1727302,3.118011599818523,3.118011599818523
wbuffix_drop,32k,32k,3,424.3603515625,13579.557007,24.865325927734375,2.217338738602287,2354.534489329,528.384,17432.576,18219.008,2356.233885601,1.699396272,60.001,1278.5357421875,325.1799072265625,12040984064,0,0,6.121574999997392,6.166087999998126,2033.1168619791667,245.6480667679398,8389,814787,1722911,3.114553864997846,3.114553864997846
wbuffix_nodrop,4k,4k,1,414.744140625,106174.680422,24.301860809326172,2.1670923417310486,300.35957902200005,69.12,13434.88,16908.288,301.201599128,0.8420201060000001,60.001,1274.28603515625,320.716162109375,12040984064,0,0,6.276948999991873,6.297565000000759,2015.76513671875,236.91823097511573,8133,6370587,13406435,3.1044269546903607,3.1044269546903607
wbuffix_nodrop,4k,4k,2,415.5029296875,106368.893852,24.3463134765625,2.171056360597472,299.80055950999997,70.144,13303.808,16908.288,300.65125654099995,0.850697031,60.001,1272.47939453125,323.801611328125,12040984064,0,0,6.3416700000088895,6.362200000003213,1992.7486979166667,240.79528694509347,8170,6382240,13471081,3.1107136365915413,3.1107136365915413
wbuffix_nodrop,4k,4k,3,417.7431640625,106942.442926,24.48126220703125,2.1830902687257305,298.19144118,70.144,13303.808,17170.432,299.041392962,0.849951782,60.01,1271.960205078125,321.3580078125,12040984064,0,0,6.333401999989292,6.3540199999988545,1995.5625813802083,242.55820493344908,8311,6417616,13724008,3.1384900561205282,3.1384900561205282
wbuffix_nodrop,4k,16k,1,480.9990234375,30783.988268,28.1864013671875,2.513492074662379,1038.022001332,222.208,17694.72,18481.152,1039.25405901,1.232057677,60.006,1287.867431640625,245.0836181640625,12040984064,0,0,5.69637399999192,5.696589999992284,2217.2897727272725,305.84734267488534,11268,7388896,18809364,3.545625760600772,3.545625760600772
wbuffix_nodrop,4k,16k,2,481.021484375,30785.422673,28.1900634765625,2.5138186393334303,1037.985227682,222.208,17694.72,18481.152,1039.207546607,1.222318925,60.011,1288.53251953125,244.8519775390625,12040984064,0,0,5.693161999995937,5.69338099999004,2217.7357954545455,305.87035908830273,11272,7389856,18816036,3.546197923207164,3.546197923207164
wbuffix_nodrop,4k,16k,3,480.8583984375,30774.952511,28.181884765625,2.5130893115680815,1038.35626833,222.208,17694.72,18481.152,1039.564601673,1.208333343,60.014,1288.3326171875,244.5647705078125,12040984064,0,0,5.69309699999576,5.693313999989186,2217.75,305.71146609805044,11272,7387712,18818152,3.547223281037485,3.547223281037485
wbuffix_nodrop,4k,32k,1,482.4541015625,15438.541528,28.2725830078125,2.521177229921131,2070.787028504,444.416,18219.008,18743.296,2072.462820391,1.6757918870000001,60.008,1290.641552734375,247.503369140625,12040984064,0,0,5.693037999997614,5.693244999987655,2217.7727272727275,307.41237815366975,11276,7411488,18802256,3.5369070286560538,3.5369070286560538
wbuffix_nodrop,4k,32k,2,482.2421875,15431.768195,28.263946533203125,2.5204070815719004,2071.719447177,444.416,18219.008,18743.296,2073.377193936,1.6577467590000001,60.016,1290.946875,247.1716552734375,12040984064,0,0,5.693209000004572,5.693419999995967,2217.7670454545455,307.2384066800459,11276,7409224,18804224,3.53794783367327,3.53794783367327
wbuffix_nodrop,4k,32k,3,482.10546875,15427.38119,28.2540283203125,2.5195226355878018,2072.335554616,444.416,18219.008,18743.296,2073.9702273830003,1.634672768,60.012,1290.5625,246.7854248046875,12040984064,0,0,5.693450999999186,5.693652999994811,2217.7727272727275,307.0523312069954,11276,7406624,18807152,3.5392340693951794,3.5392340693951794
wbuffix_nodrop,16k,4k,1,129.705078125,33204.632947,7.6005706787109375,0.6777727285928248,962.636116725,257.024,14090.24,15269.888,963.509758405,0.87364168,60.005,379.05830078125,58.1427001953125,12040984064,0,0,5.914783999993233,5.944688999996288,535.5759943181819,88.76287449827981,7055,1992444,2400489,2.204796220119612,8.819184880478447
wbuffix_nodrop,16k,4k,2,129.7607421875,33218.913018,7.60333251953125,0.678019012782243,962.22326365,254.976,13959.168,15400.96,963.0904081470001,0.867144497,60.001,379.035546875,58.3433837890625,12040984064,0,0,5.911013000004459,5.940904000002774,535.5987215909091,88.81206995412845,7061,1993166,2402806,2.205522269595207,8.822080226052194
wbuffix_nodrop,16k,4k,3,129.697265625,33202.646623,7.599609375,0.6776870053666737,962.6993147840001,257.024,14090.24,15269.888,963.566722738,0.867407954,60.001,378.64296875,58.1924560546875,12040984064,0,0,5.914206999994349,5.944163000007393,535.609375,88.74087048451835,7052,1992192,2399217,2.2043101267347724,8.81724050693909
wbuffix_nodrop,16k,16k,1,419.193359375,26828.40572,24.562957763671875,2.1903753822624443,1191.2709014719999,246.784,16711.68,17956.864,1192.5199276960002,1.2490262239999999,60.002,1280.5560546875,324.75732421875,12040984064,0,0,5.920972000007168,5.942714000004344,2143.2329545454545,245.23820957568807,8250,1609758,3394501,3.108702674563506,3.108702674563506
wbuffix_nodrop,16k,16k,2,420.21875,26894.04746,24.625518798828125,2.1959541953929125,1188.302653981,246.784,16908.288,17956.864,1189.597475935,1.294821955,60.008,1280.48125,322.744921875,12040984064,0,0,5.920849999994971,5.942567999998573,2143.1988636363635,246.4064471043578,8310,1613858,3421069,3.11980793849273,3.11980793849273
wbuffix_nodrop,16k,16k,3,421.7509765625,26992.084784,24.716522216796875,2.204069327468549,1184.0529775310001,246.784,16908.288,17956.864,1185.275408125,1.222430594,60.011,1280.3234375,322.7175048828125,12040984064,0,0,5.921049999989918,5.942792999994708,2143.1676136363635,248.12065474483944,8399,1619822,3460675,3.1364538819697474,3.1364538819697474
wbuffix_nodrop,16k,32k,1,440.150390625,14084.817783,25.7947998046875,2.30022357348749,2270.053876496,464.896,18219.008,18743.296,2271.6856561560003,1.6317796599999999,60.011,1285.85,319.39736328125,12040984064,0,0,5.843335999990813,5.864877999993041,2173.0,265.35550458715596,9392,1690488,3898342,3.3060453549507596,3.3060453549507596
wbuffix_nodrop,16k,32k,2,442.69140625,14166.136208,25.9437255859375,2.313503870110263,2256.992830563,464.896,18219.008,18743.296,2258.667131625,1.674301062,60.011,1285.8654296875,322.9040283203125,12040984064,0,0,5.8455010000034235,5.867085000005318,2172.034090909091,268.2562087872706,9520,1700248,3954112,3.325608969985555,3.325608969985555
wbuffix_nodrop,16k,32k,3,441.90234375,14140.878868,25.8966064453125,2.3093020713427297,2261.016159951,464.896,18219.008,18743.296,2262.675990801,1.65983085,60.009,1285.853125,321.991015625,12040984064,0,0,5.8432750000065425,5.86480599999777,2173.0,267.26898473337155,9478,1697160,3935692,3.3189870135991892,3.3189870135991892
wbuffix_nodrop,32k,4k,1,68.2978515625,17484.250525,4.001960754394531,0.3568705528684603,1828.997847167,577.536,14483.456,15400.96,1829.9757989920001,0.977951826,60.002,189.89375,32.7849853515625,12040984064,0,0,6.061479000010877,6.144004000001587,256.08203125,47.436044198495374,7222,1049090,1190140,2.1344498565423367,17.075598852338693
wbuffix_nodrop,32k,4k,2,68.236328125,17468.632842,3.9992523193359375,0.35662903108049493,1830.629704154,569.344,14483.456,15400.96,1831.593495434,0.96379128,60.015,189.82890625,32.3240966796875,12040984064,0,0,6.061111999995774,6.143710000003921,256.0885416666667,47.38375289351852,7209,1048380,1187519,2.1327180983994354,17.061744787195483
wbuffix_nodrop,32k,4k,3,68.3310546875,17492.768595,4.004844665527344,0.3571277225469136,1828.1072870970002,569.344,14483.456,15532.032,1829.075747034,0.968459937,60.016,189.655078125,32.7852294921875,12040984064,0,0,6.061260999995284,6.143885999990744,256.07421875,47.491310402199076,7237,1049846,1193186,2.1365343107465287,17.09227448597223
wbuffix_nodrop,32k,16k,1,219.1376953125,14024.842961,12.843765258789062,1.1453289749989657,2280.1316345230002,536.576,17694.72,17956.864,2281.387770809,1.2561362859999998,60.017,741.178125,82.053955078125,12040984064,0,0,6.063628999996581,6.100835000004736,1026.8541666666667,129.45908383969908,8241,841716,1658397,2.9702571888855624,5.940422630086405
wbuffix_nodrop,32k,16k,2,219.869140625,14071.686857,12.8853759765625,1.1490395660737915,2272.596577548,536.576,17694.72,17956.864,2273.82658703,1.230009482,60.011,741.165625,82.5994873046875,12040984064,0,0,6.06400699999358,6.101137999998173,1026.84375,130.24903247974538,8332,844448,1678949,2.9882207074917577,5.976384796839622
wbuffix_nodrop,32k,16k,3,219.689453125,14060.135968,12.875442504882812,1.1481537594035636,2274.4383619769997,536.576,17432.576,17956.864,2275.689246854,1.250884877,60.014,741.171875,81.829931640625,12040984064,0,0,6.063796000002185,6.10086500000034,1026.875,130.05730975115742,8296,843792,1670390,2.9796229402506778,5.959154069956921
wbuffix_nodrop,32k,32k,1,424.5185546875,13584.62359,24.874603271484375,2.2181660357689514,2353.6918895840004,522.24,17694.72,18219.008,2355.361397049,1.669507465,60.001,1277.778125,323.905224609375,12040984064,0,0,6.096136000007391,6.140668000007281,2032.765625,245.83840603298611,8398,815091,1724901,3.1162066566800517,3.1162066566800517
wbuffix_nodrop,32k,32k,2,424.8447265625,13595.056749,24.893707275390625,2.2198696148029384,2351.873088164,522.24,17694.72,18219.008,2353.546355665,1.673267501,60.001,1277.990625,321.3301513671875,12040984064,0,0,6.095870000004652,6.1403730000020005,2032.7708333333333,246.1866138599537,8418,815717,1729407,3.1201066055997364,3.1201066055997364
wbuffix_nodrop,32k,32k,3,424.583984375,13586.703324,24.88421630859375,2.2190232680304627,2353.28418596,522.24,17694.72,18219.008,2354.9575882950003,1.673402335,60.015,1278.2625,323.1380615234375,12040984064,0,0,6.096105000004172,6.140618000004906,2032.7760416666667,246.00666413483796,8411,815406,1727911,3.1190805561891866,3.1190805561891866
