variant,map,bs,rep,bw_MiBps,iops,written_GiB,fill_ratio,clat_mean_us,clat_p50_us,clat_p99_us,clat_p999_us,lat_mean_us,slat_mean_us,runtime_s,bw_first10s_MiBps,bw_last20s_MiBps,dev_bytes,chmodel_msgs,kernel_warn,blk_wr_ios,blk_wr_merges,blk_avg_req_KiB,gc_onset_s,gc_onset_last_part_s,bw_pre_gc_MiBps,bw_post_gc_MiBps,gc_cnt,ftl_host_pgs,ftl_gc_pgs,waf_gc,waf_total,mg_open,mg_merge,mg_full,mg_evict,mg_direct,mg_still_open
merge,4k,4k,1,2090.029296875,535047.565874,122.4647102355957,10.920659029617331,58.854289797999996,58.624,62.208,72.192,59.658183857000004,0.803894059,60.001,2119.57314453125,2085.065625,12040984064,0,0,32103389,0,4.0,5.918470000004163,5.918493999997736,2146.0866477272725,2084.697021484375,14156,32103389,0,1.0,1.0,0,0,0,0,32103389,0
merge,4k,4k,2,2083.576171875,533395.693405,122.08662033081055,10.88694326836043,59.038197427,59.136,62.72,73.216,59.843886376,0.805688949,60.001,2112.254638671875,2078.2262939453126,12040984064,0,0,32004275,0,4.0,5.939603999999235,5.939629000000423,2137.439630681818,2078.4275173611113,14108,32004275,0,1.0,1.0,0,0,0,0,32004275,0
merge,4k,4k,3,2086.390625,534116.131398,122.25151824951172,10.901647863189133,58.955778846,59.136,62.72,73.216,59.763177862999996,0.8073990169999999,60.001,2116.144775390625,2080.005712890625,12040984064,0,0,32047502,0,4.0,5.927846999999019,5.927871000007144,2142.771306818182,2081.020842375579,14132,32047502,0,1.0,1.0,0,0,0,0,32047502,0
merge,4k,16k,1,2232.5703125,142884.551924,130.81689453125,11.665456095399746,222.523874775,222.208,228.352,238.592,223.745090503,1.221215727,60.001,2233.112353515625,2232.942041015625,12040984064,0,0,8573216,0,16.0,5.693213999998989,5.693234999998822,2233.0227272727275,2232.7717013888887,15228,34292864,0,1.0,1.0,0,0,0,0,34292864,0
merge,4k,16k,2,2232.7373046875,142895.235079,130.82667541503906,11.666328295208679,222.476975464,222.208,226.304,236.544,223.728422475,1.2514470100000001,60.001,2233.132666015625,2232.9139404296875,12040984064,0,0,8573857,0,16.0,5.692924000002677,5.692944000009447,2233.090909090909,2232.938521358945,15228,34295428,0,1.0,1.0,0,0,0,0,34295428,0
merge,4k,16k,3,2232.697265625,142892.651789,130.82431030273438,11.666117388858625,222.49919808599998,222.208,228.352,236.544,223.73492446499998,1.235726379,60.001,2233.0875,2232.87626953125,12040984064,0,0,8573702,0,16.0,5.693047000007937,5.693069000000833,2233.025568181818,2232.9103642216437,15228,34294808,0,1.0,1.0,0,0,0,0,34294808,0
merge,4k,32k,1,2232.7763671875,71448.859186,130.82894897460938,11.666531037441958,446.001992567,444.416,452.608,460.8,447.660015495,1.658022928,60.001,2233.14375,2232.920166015625,12040984064,0,0,4287003,0,32.0,5.693241000000853,5.693262999993749,2233.0795454545455,2232.9743495556195,15228,34296024,0,1.0,1.0,0,0,0,0,34296024,0
merge,4k,32k,2,2232.751953125,71448.075865,130.8275146484375,11.666403132945796,445.988810954,444.416,452.608,464.896,447.66480887399996,1.67599792,60.001,2233.1375,2232.9216064453126,12040984064,0,0,4286956,0,32.0,5.6930280000087805,5.693049000008614,2233.0852272727275,2232.9461367545873,15228,34295648,0,1.0,1.0,0,0,0,0,34295648,0
merge,4k,32k,3,2232.7421875,71447.77587,130.82696533203125,11.666354148245137,445.956366853,444.416,448.512,464.896,447.66864302100004,1.712276168,60.001,2233.09375,2232.901416015625,12040984064,0,0,4286938,0,32.0,5.692937999992864,5.69295699999202,2233.034090909091,2232.9405192803897,15228,34295504,0,1.0,1.0,0,0,0,0,34295504,0
merge,16k,4k,1,2089.9130859375,535017.966367,122.45793533325195,10.920054884975887,58.851536423,58.624,62.208,73.216,59.662283726,0.810747303,60.001,2117.470703125,2084.06201171875,12040984064,0,0,32101613,0,4.0,5.92048000000068,5.920500000007451,2145.5774147727275,2084.586814597801,14156,8025505,0,1.0,1.0000126784906416,8025506,24076107,8025318,187,0,1
merge,16k,4k,2,2092.9228515625,535788.270195,122.63424682617188,10.935777273029368,58.772078572,58.624,62.208,74.24,59.57623446,0.804155888,60.001,2123.16455078125,2087.707958984375,12040984064,0,0,32147832,0,4.0,5.8976629999961006,5.897723000001861,2152.7876420454545,2087.1611689814813,14180,8037043,0,1.0,1.0000105761408733,8037044,24110788,8036888,155,0,1
merge,16k,4k,3,2100.2626953125,537667.42221,123.06435775756836,10.974131953472869,58.562213495,58.624,62.208,71.168,59.367424007000004,0.805210512,60.001,2130.287158203125,2094.343115234375,12040984064,0,0,32260583,0,4.0,5.885422999999719,5.885485000006156,2158.4623579545455,2094.710295500579,14236,8065239,0,1.0,1.0000115620973125,8065240,24195343,8065073,166,0,1
merge,16k,16k,1,2232.59375,142886.018566,130.8182373046875,11.665575835779132,222.509103568,222.208,226.304,234.496,223.739666824,1.230563256,60.001,2233.1390625,2232.7374267578125,12040984064,0,0,8573304,0,16.0,5.693129000006593,5.693194999999832,2233.1051136363635,2232.773536964699,15228,8573304,0,1.0,1.0,0,0,0,0,8573304,0
merge,16k,16k,2,2232.4990234375,142879.985334,130.81271362304688,11.665083267400295,222.515897772,222.208,228.352,234.496,223.749747164,1.233849392,60.001,2233.051416015625,2232.638916015625,12040984064,0,0,8572942,0,16.0,5.692962000000989,5.69303100000252,2233.002840909091,2232.6842119409403,15227,8572942,0,1.0,1.0,0,0,0,0,8572942,0
merge,16k,16k,3,2232.580078125,142885.185247,130.81747436523438,11.665507801472662,222.486363288,222.208,226.304,234.496,223.741487976,1.2551246880000002,60.001,2233.090478515625,2232.713916015625,12040984064,0,0,8573254,0,16.0,5.693025000000489,5.693065999992541,2233.0170454545455,2232.784839771412,15228,8573254,0,1.0,1.0,0,0,0,0,8573254,0
merge,16k,32k,1,2232.6181640625,71443.792603,130.81967163085938,11.665703740275292,446.042339216,444.416,452.608,473.088,447.69034554,1.648006324,60.001,2233.090625,2232.7569580078125,12040984064,0,0,4286699,0,32.0,5.693163000003551,5.693228999996791,2233.0113636363635,2232.7920735677085,15228,8573398,0,1.0,1.0,0,0,0,0,8573398,0
merge,16k,32k,2,2232.498046875,71439.942668,130.8126220703125,11.665075103283518,446.044117896,444.416,452.608,473.088,447.718576132,1.674458236,60.001,2233.0375,2232.638916015625,12040984064,0,0,4286468,0,32.0,5.692999000006239,5.693037000004551,2232.9772727272725,2232.6767578125,15226,8572936,0,1.0,1.0,0,0,0,0,8572936,0
merge,16k,32k,3,2232.58984375,71442.892618,130.81802368164062,11.66555678617332,445.979641772,444.416,452.608,473.088,447.697503281,1.717861509,60.001,2233.090625,2232.7350830078126,12040984064,0,0,4286645,0,32.0,5.693081999997958,5.693146999998135,2233.0454545454545,2232.759150752315,15228,8573290,0,1.0,1.0,0,0,0,0,8573290,0
merge,32k,4k,1,2095.333984375,536405.693238,122.77556610107422,10.948379267616644,58.700037927,58.624,62.208,73.216,59.507083504,0.807045577,60.001,2124.83046875,2089.4273681640625,12040984064,0,0,32184878,0,4.0,5.903837999998359,5.903957000002265,2151.4183238636365,2089.965919777199,14196,4023129,0,1.0,1.0000047848557947,4023130,28161748,4023091,38,0,1
merge,32k,4k,2,2094.7724609375,536261.895635,122.7426528930664,10.945444267635565,58.720628935,58.624,62.208,72.192,59.523467746,0.802838812,60.001,2123.663671875,2089.2822021484376,12040984064,0,0,32176250,0,4.0,5.902838000009069,5.9029520000040065,2151.9183238636365,2089.285282841435,14192,4022045,0,1.0,1.0000034186706033,4022045,28154205,4022015,30,0,0
merge,32k,4k,3,2093.7373046875,535996.81672,122.68198013305664,10.940033839413609,58.744900179999995,58.624,62.208,74.24,59.552801739,0.807901559,60.001,2122.93818359375,2088.2245849609376,12040984064,0,0,32160345,0,4.0,5.909056000004057,5.909174000000348,2149.599431818182,2088.4152379918983,14184,4020064,0,1.0,1.0000051927303641,4020065,28140280,4020020,44,0,1
merge,32k,16k,1,2232.287109375,142866.38556,130.80026245117188,11.663972947518719,222.549924581,222.208,226.304,240.64,223.78213282299998,1.232208242,60.001,2233.0984375,2232.3671142578123,12040984064,0,0,8572126,0,16.0,5.692849000013666,5.6929870000021765,2233.0539772727275,2232.4316134982637,15224,4286068,0,1.0,1.0000011665717465,4286069,4286057,4286057,11,0,1
merge,32k,16k,2,2232.208984375,142861.435643,130.7957305908203,11.663568823738292,222.558954225,222.208,226.304,240.64,223.783530045,1.22457582,60.001,2232.965478515625,2232.269384765625,12040984064,0,0,8571829,0,16.0,5.693348000000697,5.693486999996821,2232.84375,2232.381172950115,15224,4285920,0,1.0,1.0000012832733831,4285920,4285909,4285909,11,0,0
merge,32k,16k,3,2232.2529296875,142864.202263,130.7982635498047,11.663794697635769,222.54310719400002,222.208,226.304,240.64,223.78300192700002,1.239894733,60.001,2233.077978515625,2232.2983642578124,12040984064,0,0,8571995,0,16.0,5.693111999993562,5.693192999999155,2233.002840909091,2232.4020905671296,15224,4286003,0,1.0,1.000001283248532,4286003,4285992,4285992,11,0,0
merge,32k,32k,1,2232.26953125,71432.642789,130.79925537109375,11.66388314223418,446.060865831,444.416,452.608,485.376,447.76274835,1.701882519,60.001,2232.71875,2232.3569580078124,12040984064,0,0,4286030,0,32.0,5.693203000002541,5.693275000012363,2233.005681818182,2232.4076696325233,15224,4286030,0,1.0,1.0,0,0,0,0,4286030,0
merge,32k,32k,2,2232.2333984375,71431.476142,130.797119140625,11.663692646176067,446.088010407,444.416,452.608,485.376,447.769384973,1.681374565,60.001,2233.160791015625,2232.260791015625,12040984064,0,0,4285960,0,32.0,5.694453000003705,5.694596000001184,2233.1957563920455,2232.361695455849,15224,4285960,0,1.0,1.0,0,0,0,0,4285960,0
merge,32k,32k,3,2232.2724609375,71432.742788,130.7994384765625,11.663899470467731,446.08375336899996,444.416,448.512,485.376,447.76052990000005,1.676776531,60.001,2233.059375,2232.3397705078123,12040984064,0,0,4286036,0,32.0,5.693063999991864,5.693188999997801,2232.9772727272725,2232.409035011574,15224,4286036,0,1.0,1.0,0,0,0,0,4286036,0
wbuffix,4k,4k,1,2097.861328125,537052.632456,122.92364120483398,10.961583705987703,58.633049310000004,58.624,62.72,75.264,59.435899444,0.802850134,60.001,2131.671826171875,2090.9349853515623,12040984064,0,0,32223695,0,4.0,5.8813220000010915,5.8813870000012685,2159.8785511363635,2091.9692111545137,14216,32223695,0,1.0,1.0,,,,,,
wbuffix,4k,4k,2,2090.0361328125,535049.465842,122.46514511108398,10.920697809172019,58.851639723,58.624,62.208,73.216,59.658633365,0.806993642,60.001,2121.454150390625,2083.425,12040984064,0,0,32103503,0,4.0,5.912592000007862,5.912657000008039,2148.247869318182,2084.4834074797454,14156,32103503,0,1.0,1.0,,,,,,
wbuffix,4k,4k,3,2081.111328125,532764.603923,121.94217300415039,10.87406233311663,59.106167097,59.136,62.72,73.216,59.9149263,0.808759204,60.001,2110.2748046875,2075.1378173828125,12040984064,0,0,31966409,0,4.0,5.946758999998565,5.946782999992138,2135.609375,2075.865984881366,14092,31966409,0,1.0,1.0,,,,,,
wbuffix,4k,16k,1,2231.7978515625,142835.119415,130.77163696289062,11.661420300339998,222.608848658,222.208,228.352,238.592,223.825030357,1.2161816980000002,60.001,2232.659228515625,2232.0905029296873,12040984064,0,0,8570250,0,16.0,5.694948000003933,5.694967999996152,2232.215909090909,2232.0513509114585,15220,34281000,0,1.0,1.0,,,,,,
wbuffix,4k,16k,2,2232.7314453125,142894.868419,130.8263397216797,11.666298360113833,222.507383169,222.208,226.304,238.592,223.727189708,1.219806539,60.001,2233.15615234375,2232.910009765625,12040984064,0,0,8573835,0,16.0,5.692810000007739,5.692831000007573,2233.1051136363635,2232.930493836009,15228,34295340,0,1.0,1.0,,,,,,
wbuffix,4k,16k,3,2232.6865234375,142891.985134,130.82369995117188,11.66606296141345,222.492299348,222.208,226.304,238.592,223.73578952300002,1.2434901749999998,60.001,2233.074853515625,2232.834228515625,12040984064,0,0,8573662,0,16.0,5.692953999998281,5.692974999998114,2233.002840909091,2232.891494051032,15228,34294648,0,1.0,1.0,,,,,,
wbuffix,4k,32k,1,2232.69921875,71446.375894,130.82440185546875,11.666125552975402,446.028210043,444.416,452.608,464.896,447.677557313,1.64934727,60.001,2233.160791015625,2232.9896484375,12040984064,0,0,4286854,0,32.0,5.693223999987822,5.693244999987655,2233.0511363636365,2232.912724247685,15228,34294832,0,1.0,1.0,,,,,,
wbuffix,4k,32k,2,2232.7646484375,71448.492525,130.82827758789062,11.666471167252265,445.98550227,444.416,452.608,464.896,447.663051469,1.6775491999999999,60.001,2233.121875,2232.918603515625,12040984064,0,0,4286981,0,32.0,5.692875000007916,5.692895000000135,2233.0738636363635,2232.9611614822247,15228,34295848,0,1.0,1.0,,,,,,
wbuffix,4k,32k,3,2232.71875,71447.025883,130.82559204101562,11.666231686493493,445.99166734,444.416,452.608,464.896,447.67174112600003,1.680073786,60.001,2233.075,2232.876416015625,12040984064,0,0,4286893,0,32.0,5.693098000003374,5.693117999995593,2232.994318181818,2232.9193036840597,15228,34295144,0,1.0,1.0,,,,,,
wbuffix,16k,4k,1,334.3056640625,85582.380587,19.588905334472656,1.746819598149416,372.880185751,222.208,3653.632,14352.384,373.72792766,0.847741909,60.002,454.194140625,314.437646484375,12040984064,0,0,5135114,0,4.0,5.692135000004782,5.69218300000648,556.1143465909091,311.9535819237385,12026,5135114,1802472,1.3510091499429224,5.40403659977169,,,,,,
wbuffix,16k,4k,2,335.1845703125,85807.349388,19.641380310058594,1.7514989977483622,371.89469162499995,222.208,3653.632,14352.384,372.749212224,0.854520599,60.005,454.163671875,315.2715087890625,12040984064,0,0,5148870,0,4.0,5.69208300000173,5.692131999996491,556.0973011363636,312.93725809919727,12062,5148870,1807080,1.3509663285342222,5.403865314136889,,,,,,
wbuffix,16k,4k,3,335.1923828125,85809.269846,19.64051055908203,1.7514214386389872,371.886026148,222.208,3620.864,14352.384,372.738875913,0.8528497650000001,60.001,454.158984375,312.4543212890625,12040984064,0,0,5148642,0,4.0,5.692210000008345,5.692261000003782,556.0894886363636,312.71781864872685,12058,5148642,1806568,1.3508824268612967,5.403529707445187,,,,,,
wbuffix,16k,16k,1,2232.48046875,142878.752021,130.81158447265625,11.66498257662672,222.508954981,222.208,226.304,234.496,223.75250121,1.2435462290000001,60.001,2233.15,2232.4889404296873,12040984064,0,0,8572868,0,16.0,5.692873000007239,5.692901999995229,2233.099431818182,2232.653553254014,15224,8572868,0,1.0,1.0,,,,,,
wbuffix,16k,16k,2,2232.5693359375,142884.468592,130.8168182373047,11.665449291969098,222.48900863999998,222.208,226.304,234.496,223.741411356,1.252402716,60.001,2233.148291015625,2232.6530517578126,12040984064,0,0,8573211,0,16.0,5.692917000007583,5.692978000006406,2233.099431818182,2232.7458405671296,15228,8573211,0,1.0,1.0,,,,,,
wbuffix,16k,16k,3,2232.5068359375,142880.468659,130.8131561279297,11.665122727298046,222.515689415,222.208,226.304,234.496,223.749408631,1.233719216,60.001,2233.027978515625,2232.566259765625,12040984064,0,0,8572971,0,16.0,5.693423000004259,5.693469999998342,2232.9460227272725,2232.6985378440368,15228,8572971,0,1.0,1.0,,,,,,
wbuffix,16k,32k,1,2232.2275390625,71431.309478,130.79681396484375,11.663665432453477,446.09450812399996,444.416,448.512,477.184,447.76966637699996,1.6751582539999998,60.001,2233.060791015625,2232.390478515625,12040984064,0,0,4285950,0,32.0,5.6935819999926025,5.69364399999904,2232.8920454545455,2232.4150842737267,15224,8571900,0,1.0,1.0,,,,,,
wbuffix,16k,32k,2,2232.61328125,71443.62594,130.81936645507812,11.665676526552705,446.020377061,444.416,448.512,473.088,447.695272126,1.674895064,60.001,2233.090625,2232.7600830078127,12040984064,0,0,4286689,0,32.0,5.692906000011135,5.692978999999468,2233.0,2232.792136863426,15228,8573378,0,1.0,1.0,,,,,,
wbuffix,16k,32k,3,2232.5595703125,71441.909302,130.81622314453125,11.665396225210053,446.020419741,444.416,452.608,473.088,447.705763809,1.685344068,60.001,2233.090625,2232.6678955078123,12040984064,0,0,4286586,0,32.0,5.692739999998594,5.692805999991833,2233.028409090909,2232.7278284143517,15228,8573172,0,1.0,1.0,,,,,,
wbuffix,32k,4k,1,209.505859375,53633.659406,12.277202606201172,1.0948063588434627,595.5154938339999,452.608,2277.376,2342.912,596.437282636,0.921788802,60.007,246.177734375,195.6078369140625,12040984064,0,0,3218395,0,4.0,5.6917019999964396,5.691984999997658,278.52485795454544,202.5772469896789,12860,3218395,464640,1.1443700975175515,9.154960780140412,,,,,,
wbuffix,32k,4k,2,209.5126953125,53635.447046,12.277202606201172,1.0948063588434627,595.4854456520001,452.608,2244.608,2342.912,596.41439099,0.928945338,60.005,246.173828125,195.618115234375,12040984064,0,0,3218395,0,4.0,5.691883000006783,5.692166000008001,278.51633522727275,202.5780174885321,12860,3218395,464640,1.1443700975175515,9.154960780140412,,,,,,
wbuffix,32k,4k,3,209.509765625,53634.553211,12.277202606201172,1.0948063588434627,595.503543697,452.608,2244.608,2342.912,596.436118519,0.932574821,60.006,246.172265625,195.6241455078125,12040984064,0,0,3218395,0,4.0,5.6919379999890225,5.692220999990241,278.51278409090907,202.5782145928899,12860,3218395,464640,1.1443700975175515,9.154960780140412,,,,,,
wbuffix,32k,16k,1,369.0341796875,23618.246058,21.623870849609375,1.928285462765313,1353.4163281390001,468.992,8355.84,8978.432,1354.660902505,1.244574367,60.002,786.5,267.7324462890625,12040984064,0,0,1417142,0,16.0,5.69209700000647,5.692158000005293,1109.9119318181818,294.2889639478211,7900,1417142,995264,1.7023036505868854,3.4046073011737708,,,,,,
wbuffix,32k,16k,2,369.0341796875,23618.246058,21.623870849609375,1.928285462765313,1353.409049732,468.992,8355.84,8978.432,1354.666501972,1.25745224,60.002,786.4984375,267.806591796875,12040984064,0,0,1417142,0,16.0,5.692419000013615,5.692480000012438,1109.909090909091,294.28930440080273,7900,1417142,995264,1.7023036505868854,3.4046073011737708,,,,,,
wbuffix,32k,16k,3,369.0634765625,23620.073656,21.628067016601562,1.9286596514508931,1353.279528398,473.088,8355.84,8978.432,1354.5493412909998,1.269812893,60.009,786.78125,267.8791748046875,12040984064,0,0,1417417,0,16.0,5.692427999994834,5.692489000008209,1109.909090909091,294.36761754587155,7902,1417417,995520,1.7023480034457044,3.4046960068914087,,,,,,
wbuffix,32k,32k,1,2231.9130859375,71421.226313,130.77835083007812,11.662019002236926,446.153083862,444.416,452.608,493.568,447.83627240000004,1.683188538,60.001,2232.78125,2232.102978515625,12040984064,0,0,4285345,0,32.0,5.692035999993095,5.692167999994126,2232.4204545454545,2232.1454716435187,15220,4285345,0,1.0,1.0,,,,,,
wbuffix,32k,32k,2,2232.2978515625,71433.559441,130.80093383789062,11.664032817708412,446.046102923,444.416,448.512,485.376,447.755028378,1.708925456,60.001,2233.08125,2232.3772705078127,12040984064,0,0,4286085,0,32.0,5.69301999999152,5.693164999989676,2232.994318181818,2232.44494176794,15224,4286085,0,1.0,1.0,,,,,,
wbuffix,32k,32k,3,2232.2626953125,71432.40946,130.798828125,11.663845043022556,446.08618907000005,444.416,448.512,485.376,447.763262524,1.677073454,60.001,2233.034375,2232.352294921875,12040984064,0,0,4286016,0,32.0,5.69318299999577,5.693314999996801,2232.971590909091,2232.3967375578704,15224,4286016,0,1.0,1.0,,,,,,
