variant,map,bs,n,bw_MiBps_mean,bw_MiBps_std,bw_MiBps_min,bw_MiBps_max,iops_mean,iops_std,iops_min,iops_max,written_GiB_mean,written_GiB_std,written_GiB_min,written_GiB_max,fill_ratio_mean,fill_ratio_std,fill_ratio_min,fill_ratio_max,clat_mean_us_mean,clat_mean_us_std,clat_mean_us_min,clat_mean_us_max,clat_p50_us_mean,clat_p50_us_std,clat_p50_us_min,clat_p50_us_max,clat_p99_us_mean,clat_p99_us_std,clat_p99_us_min,clat_p99_us_max,clat_p999_us_mean,clat_p999_us_std,clat_p999_us_min,clat_p999_us_max,lat_mean_us_mean,lat_mean_us_std,lat_mean_us_min,lat_mean_us_max,slat_mean_us_mean,slat_mean_us_std,slat_mean_us_min,slat_mean_us_max,runtime_s_mean,runtime_s_std,runtime_s_min,runtime_s_max,bw_first10s_MiBps_mean,bw_first10s_MiBps_std,bw_first10s_MiBps_min,bw_first10s_MiBps_max,bw_last20s_MiBps_mean,bw_last20s_MiBps_std,bw_last20s_MiBps_min,bw_last20s_MiBps_max,chmodel_msgs_mean,chmodel_msgs_std,chmodel_msgs_min,chmodel_msgs_max,kernel_warn_mean,kernel_warn_std,kernel_warn_min,kernel_warn_max,gc_onset_s_mean,gc_onset_s_std,gc_onset_s_min,gc_onset_s_max,gc_onset_last_part_s_mean,gc_onset_last_part_s_std,gc_onset_last_part_s_min,gc_onset_last_part_s_max,bw_pre_gc_MiBps_mean,bw_pre_gc_MiBps_std,bw_pre_gc_MiBps_min,bw_pre_gc_MiBps_max,bw_post_gc_MiBps_mean,bw_post_gc_MiBps_std,bw_post_gc_MiBps_min,bw_post_gc_MiBps_max,gc_cnt_mean,gc_cnt_std,gc_cnt_min,gc_cnt_max,ftl_host_pgs_mean,ftl_host_pgs_std,ftl_host_pgs_min,ftl_host_pgs_max,ftl_gc_pgs_mean,ftl_gc_pgs_std,ftl_gc_pgs_min,ftl_gc_pgs_max,waf_gc_mean,waf_gc_std,waf_gc_min,waf_gc_max,waf_total_mean,waf_total_std,waf_total_min,waf_total_max
wbuffix,4k,4k,2,418.56689453125,1.3182293410987493,417.634765625,419.4990234375,107153.202104,337.4774452022197,106914.569514,107391.834694,24.527877807617188,0.07956246039534914,24.47161865234375,24.584136962890625,2.1872471648509944,0.007094896969612731,2.182230315091961,2.192264014610027,297.6120417705,0.9440045793082603,296.944529731,298.27955381000004,69.12,0.0,69.12,69.12,13500.416,92.68190002368324,13434.88,13565.952,17039.36,185.36380004736648,16908.288,17170.432,298.4544968125,0.9404355752098789,297.78950844,299.119485185,0.842455042,0.0035690040983133533,0.839931375,0.8449787089999999,60.006,0.0056568542494892455,60.002,60.01,1273.0198974609375,0.2457265118020496,1272.846142578125,1273.19365234375,325.29742431640625,2.0588442829855835,323.8416015625,326.7532470703125,0.0,0.0,0,0,0.0,0.0,0,0,6.304073499999504,0.003300067353694554,6.301739999995334,6.306407000003674,6.324868499999866,0.003430174999175059,6.322442999997293,6.327294000002439,2007.6686604817708,0.6637757748198914,2007.1993001302083,2008.1380208333333,242.09708658854166,1.6003508292088813,240.96546766493054,243.22870551215277,8359.0,83.43860018001261,8300,8418,6429836.0,20856.821617878406,6415088,6444584,13810204.0,150179.58082908607,13704011,13916397,3.1478048711179225,0.01638971783450915,3.136215590495407,3.1593941517404383,3.1478048711179225,0.01638971783450915,3.136215590495407,3.1593941517404383
wbuffix,4k,8k,2,438.6513671875,0.9170291068513038,438.0029296875,439.2998046875,56147.4039565,117.36326918084913,56064.415593,56230.39232,25.702884674072266,0.054028888043085276,25.66468048095703,25.7410888671875,2.2920271404156223,0.00481796807368261,2.288620322519181,2.2954339583120635,568.705911271,1.1671006048269628,567.8806465189999,569.5311760230001,121.344,0.0,121.344,121.344,16580.608,0.0,16580.608,16580.608,17825.792,185.36380004736648,17694.72,17956.864,569.7046088315001,1.1908752368163533,568.862532876,570.546684787,0.998697561,0.02377463269662094,0.9818863569999999,1.015508765,60.0015,0.0007071067811899238,60.001,60.002,1285.4481201171875,0.5325052678827542,1285.07158203125,1285.824658203125,324.7477172851562,5.081035238592055,321.1548828125,328.3405517578125,0.0,0.0,0,0,0.0,0.0,0,0,5.74472749999768,0.0021389980169335596,5.7432149999949615,5.746240000000398,5.763646999996126,0.0022995112540087083,5.762020999995002,5.765272999997251,2211.019176136364,0.005022065207436982,2211.015625,2211.0227272727275,259.9101485765349,0.8862383427816223,259.28348343460647,260.5368137184633,9436.0,45.254833995939045,9404,9468,6737857.0,14163.348827166546,6727842,6747872,15708119.0,78713.71266812409,15652460,15763778,3.331315576130295,0.006781752259981718,3.326520153118935,3.3361109991416553,3.331315576130295,0.006781752259981718,3.326520153118935,3.3361109991416553
wbuffix,4k,16k,2,480.90234375,0.01242961138804478,480.8935546875,480.9111328125,30777.7648545,0.780266170088073,30777.213123,30778.316586,28.183990478515625,0.001942126779381997,28.1826171875,28.18536376953125,2.513277086253936,0.00017318707004752073,2.5131546245022918,2.5133995480055806,1038.2342690275,0.016102093492795573,1038.222883128,1038.245654927,222.208,0.0,222.208,222.208,17694.72,0.0,17694.72,17694.72,18481.152,0.0,18481.152,18481.152,1039.4528477075,0.022057782381698757,1039.4372505,1039.468444915,1.2185786799999998,0.005955688888930349,1.214367372,1.222789988,60.013000000000005,0.005656854249494269,60.009,60.017,1288.5533447265625,0.10727445161855079,1288.477490234375,1288.62919921875,244.7227783203125,0.16203379512249985,244.608203125,244.837353515625,0.0,0.0,0,0,0.0,0.0,0,0,5.693236500002968,0.004059500031395196,5.690366000002541,5.696107000003394,5.69345350000367,0.004060914245436331,5.690582000002905,5.696325000004435,2217.943093039773,0.297180708641522,2217.7329545454545,2218.153231534091,305.752992402523,0.03849251722414126,305.7257740825688,305.7802107224771,11272.0,0.0,11272,11272,7388264.0,509.11688245431424,7387904,7388624,18817590.0,517.6021638285528,18817224,18817956,3.5469569120040525,0.0002455652541129028,3.5467832711476452,3.5471305528604593,3.5469569120040525,0.0002455652541129028,3.5467832711476452,3.5471305528604593
wbuffix,4k,32k,2,482.33056640625,0.06974393056625126,482.28125,482.3798828125,15434.597139500002,2.2334356592506603,15433.017862,15436.176417,28.269363403320312,0.004423733219703438,28.2662353515625,28.272491455078125,2.5208901251478313,0.00039448165955256395,2.5206111844913077,2.5211690658043544,2071.3458053795002,0.29517093040672937,2071.1370880130003,2071.5545227459997,444.416,0.0,444.416,444.416,18219.008,0.0,18219.008,18219.008,18743.296,0.0,18743.296,18743.296,2072.9967492625,0.31075056603367435,2072.77701543,2073.216483095,1.650943883,0.015579635626622006,1.639927417,1.661960349,60.0165,0.0007071067811899238,60.016,60.017,1290.894775390625,0.08983846897698798,1290.83125,1290.95830078125,247.45847167968748,0.24179046819576708,247.2875,247.629443359375,0.0,0.0,0,0,0.0,0.0,0,0,5.696096000003308,0.00011596551535891332,5.696014000001014,5.696178000005602,5.696296499994787,0.000109601557318685,5.6962189999903785,5.696373999999196,2217.7698863636365,0.004017652165949586,2217.7670454545455,2217.7727272727275,307.3616148222477,0.07062451975223158,307.31167574541286,307.41155389908255,11278.0,2.8284271247461903,11276,11280,7410644.0,1159.655121145938,7409824,7411464,18807072.0,4491.54227409695,18803896,18810248,3.5378458172920135,0.0002089584083914676,3.5376980613844538,3.537993573199573,3.5378458172920135,0.0002089584083914676,3.5376980613844538,3.537993573199573
wbuffix,4k,64k,2,486.267578125,0.0013810679320049757,486.2666015625,486.2685546875,7780.292111,0.026154465622413105,7780.273617,7780.310605,28.49774169921875,0.0004315837287515549,28.4974365234375,28.498046875,2.5412555144462985,3.8486015566080824e-05,2.5412283007237106,2.541282728168886,4110.089655563999,0.02273321855679357,4110.073580751,4110.105730376999,897.024,0.0,897.024,897.024,19005.44,0.0,19005.44,19005.44,19529.728,0.0,19529.728,19529.728,4112.691650094,0.0138772619088476,4112.681837388,4112.7014628,2.6019945294999998,0.008855955941324914,2.595732423,2.608256636,60.0115,0.0007071067811848995,60.011,60.012,1293.670166015625,0.0044194173823516114,1293.667041015625,1293.673291015625,254.34031982421874,0.022390563847642726,254.3244873046875,254.35615234375,0.0,0.0,0,0,0.0,0.0,0,0,5.693339000001288,0.00455518188817687,5.69011799999862,5.696560000003956,5.693525500002579,0.004555888990052558,5.69030400000338,5.696747000001778,2217.877574573864,0.008035304331577616,2217.871892755682,2217.8832563920455,311.64768939936926,0.013905706930038668,311.63785657970186,311.6575222190367,11344.0,0.0,11344,11344,7470512.0,113.13708498984761,7470432,7470592,18882280.0,124.45079348883236,18882192,18882368,3.5275750849617467,5.493777008771538e-05,3.5275362380919746,3.527613931831519,3.5275750849617467,5.493777008771538e-05,3.5275362380919746,3.527613931831519
wbuffix,4k,128k,2,496.841796875,0.013810679320049757,496.83203125,496.8515625,3974.738394,0.11425572791749074,3974.657603,3974.819185,29.11767578125,0.003280036338511817,29.1153564453125,29.1199951171875,2.5965374705108486,0.0002924937183025283,2.5963306462191826,2.596744294802515,8046.0831340165005,0.15100697566604712,8045.976355960001,8046.189912073,1794.048,0.0,1794.048,1794.048,20447.232,185.36380004736648,20316.16,20578.304,38010.88,0.0,38010.88,38010.88,8050.472967256501,0.12273096766917475,8050.386183357,8050.559751156001,4.38983324,0.028276007997617206,4.369839083,4.409827397,60.012,0.008485281374238892,60.006,60.018,1299.0419677734376,0.00162275482000938,1299.0408203125,1299.043115234375,275.5061889648438,0.08806034401444314,275.4439208984375,275.56845703125,0.0,0.0,0,0,0.0,0.0,0,0,5.697336000001087,6.50538304575709e-05,5.697289999996428,5.697382000005746,5.697516000003816,6.646803420894792e-05,5.697469000006095,5.697563000001537,2217.931818181818,0.0,2217.931818181818,2217.931818181818,323.2209226275803,0.06914842421023769,323.17202730791286,323.2698179472477,11478.0,2.8284271247461903,11476,11480,7633024.0,859.8418459228418,7632416,7633632,18994496.0,4253.95439561827,18991488,18997504,3.488462748304771,0.00027698982639222126,3.4882668869202096,3.488658609689333,3.488462748304771,0.00027698982639222126,3.4882668869202096,3.488658609689333
wbuffix,8k,4k,2,216.6669921875,0.07872087212428361,216.611328125,216.72265625,55466.934839,20.09193289895942,55452.727697,55481.141981,12.69696044921875,0.0026542399318220627,12.695083618164062,12.698837280273438,1.1322378137481772,0.0002366889957316326,1.132070449354263,1.1324051781420912,575.8634912885,0.20964383095187034,575.7152507139999,576.0117318629999,151.552,1.4481546878700506,150.528,152.576,15007.744,0.0,15007.744,15007.744,17170.432,0.0,17170.432,17170.432,576.71214646,0.21295087956491435,576.561567449,576.862725471,0.8486551715,0.003307048613048251,0.846316735,0.850993608,60.0075,0.009192388155428815,60.001,60.014,736.912109375,0.31446916811746867,736.68974609375,737.13447265625,81.55207519531251,0.5803592717267889,81.14169921875,81.962451171875,0.0,0.0,0,0,0.0,0.0,0,0,5.813958500002627,0.004670440291370336,5.810656000001472,5.817261000003782,5.833962000004249,0.004606093578223091,5.830705000000307,5.83721900000819,1091.7766335227273,0.023603706474149926,1091.7599431818182,1091.7933238636363,128.59020361477445,0.32726453021785645,128.3587926462156,128.82161458333334,8049.5,2.1213203435596424,8048,8051,3327576.0,724.0773439350247,3327064,3328088,6476546.0,1402.8998538741102,6475554,6477538,2.946325493601128,1.9204189375259785e-06,2.946324135659874,2.946326851542381,5.8911355208112814,4.6551382144215166e-05,5.891102604013294,5.891168437609269
wbuffix,8k,8k,2,418.46826171875,2.243544855542083,416.8818359375,420.0546875,53563.9862115,287.1339151341519,53360.951873,53767.02055,24.521480560302734,0.1294265654559819,24.429962158203125,24.612998962402344,2.1866766971912504,0.011541474993082739,2.1785156419587466,2.194837752423754,596.1839831805,3.205779990818646,593.91715441,598.450811951,133.12,1.4481546878700506,132.096,134.144,15400.96,0.0,15400.96,15400.96,17432.576,0.0,17432.576,17432.576,597.1903961645,3.203903156887293,594.924894516,599.455897813,1.0064129849999999,0.0018768339313238048,1.005085863,1.007740107,60.0045,0.00494974746830937,60.001,60.008,1280.8582275390625,0.16859386779944308,1280.739013671875,1280.97744140625,321.04584960937495,0.3359793011585024,320.8082763671875,321.2834228515625,0.0,0.0,0,0,0.0,0.0,0,0,5.820688000003429,0.0002573868680236189,5.820506000003661,5.820870000003197,5.861634500000946,0.00021142492712136982,5.861485000001267,5.861784000000625,2182.495028409091,0.09140158677278062,2182.4303977272725,2182.559659090909,240.83912360566916,2.93473920477504,238.76394961295873,242.91429759837962,8293.0,131.52186130069785,8200,8386,3214079.5,16964.19878744646,3202084,3226075,6838581.5,117677.41763184643,6755371,6921792,3.1276282047214803,0.025383289312281804,3.109679508719946,3.145576900723015,3.1276282047214803,0.025383289312281804,3.109679508719946,3.145576900723015
wbuffix,8k,16k,2,437.91357421875,1.612396810615809,436.7734375,439.0537109375,28026.5026555,103.18434986235886,27953.540302,28099.465009,25.661163330078125,0.09205680934270666,25.5960693359375,25.72625732421875,2.2883066843663586,0.008209067120251792,2.282501997338413,2.294111371394304,1140.2965486194998,4.201871285287591,1137.32537694,1143.2677202989998,224.256,0.0,224.256,224.256,17432.576,0.0,17432.576,17432.576,18219.008,0.0,18219.008,18219.008,1141.5296023965,4.203069264182381,1138.5575836179999,1144.501621175,1.2330537775,0.0011979796015793942,1.232206678,1.233900877,60.004999999999995,0.005656854249494269,60.001,60.009,1285.6802490234375,0.26423282209078763,1285.493408203125,1285.86708984375,328.02470703125,6.900505922262861,323.1453125,332.9041015625,0.0,0.0,0,0,0.0,0.0,0,0,5.777035499999329,0.00014778531584981283,5.7769310000003316,5.777139999998326,5.777859500005434,0.00015202795282833872,5.777752000009059,5.777967000001809,2200.606534090909,0.06629126073623882,2200.559659090909,2200.653409090909,260.42421781259293,2.2036205303349212,258.8660227924312,261.9824128327546,9352.0,79.19595949289332,9296,9408,3363460.0,12066.070114167247,3354928,3371992,7773333.0,69068.77617273958,7724494,7822172,3.3110901066430944,0.012244236859015755,3.30243212372963,3.3197480895565588,3.3110901066430944,0.012244236859015755,3.30243212372963,3.3197480895565588
wbuffix,8k,32k,2,482.306640625,0.07181553246425873,482.255859375,482.357421875,15433.8372605,2.3020533012974,15432.209463,15435.465058,28.26373291015625,0.008545357829280786,28.2576904296875,28.269775390625,2.520388031966089,0.0007620231082090283,2.5198492002588537,2.5209268636733246,2071.4632771885,0.29736995330052945,2071.253004878,2071.673549499,444.416,0.0,444.416,444.416,18219.008,0.0,18219.008,18219.008,19005.44,0.0,19005.44,19005.44,2073.1080096185,0.30515546059082777,2072.892232123,2073.323787114,1.6447324305,0.007785507997479565,1.639227245,1.6502376159999999,60.0075,0.009192388155428815,60.001,60.014,1290.7718505859375,0.2543581863770807,1290.5919921875,1290.951708984375,244.93089599609374,3.5971122723510214,242.387353515625,247.4744384765625,0.0,0.0,0,0,0.0,0.0,0,0,5.696264500002144,1.9091884410442888e-05,5.696251000001212,5.696278000003076,5.6964179999959015,1.4142135266470555e-05,5.696407999996154,5.696427999995649,2217.7727272727275,0.0,2217.7727272727275,2217.7727272727275,307.12735330657495,0.3218944143905116,306.8997395833333,307.3549670298165,11280.0,0.0,11280,11280,3704584.0,1120.0571413994912,3703792,3705376,9406324.0,1018.2337649086285,9405604,9407044,3.539104143367233,0.0010425395924195387,3.5383669565517777,3.5398413301826883,3.539104143367233,0.0010425395924195387,3.5383669565517777,3.5398413301826883
wbuffix,8k,64k,2,486.37255859375,0.013120145354047269,486.36328125,486.3818359375,7781.9696619999995,0.20908298991495416,7781.821818,7782.117506,28.503173828125,0.003452669830012439,28.500732421875,28.505615234375,2.5417399187083585,0.0003078881245286466,2.5415222089276575,2.5419576284890595,4109.205051155999,0.15134708907844982,4109.098032602999,4109.312069709,897.024,0.0,897.024,897.024,19005.44,0.0,19005.44,19005.44,19529.728,0.0,19529.728,19529.728,4111.809129222,0.11965217171004955,4111.72452236,4111.893736084,2.6040780659999996,0.031694917367915125,2.5816663749999997,2.626489757,60.010000000000005,0.005656854249494269,60.006,60.014,1293.673291015625,0.0,1293.673291015625,1293.673291015625,254.63162841796876,0.17530931061888158,254.507666015625,254.7555908203125,0.0,0.0,0,0,0.0,0.0,0,0,5.696986000002653,0.0006689230150821578,5.6965130000025965,5.697459000002709,5.697125000002416,0.0006717514380195487,5.69665000000532,5.697599999999511,2217.8832563920455,0.0,2217.8832563920455,2217.8832563920455,311.75534421588304,0.06433369197025021,311.7098534260321,311.800835005734,11346.0,2.8284271247461903,11344,11348,3735968.0,452.54833995939043,3735648,3736288,9442464.0,2443.7610357807084,9440736,9444192,3.5274477514972182,0.0003479603549884737,3.527201706370622,3.5276937966238147,3.5274477514972182,0.0003479603549884737,3.527201706370622,3.5276937966238147
wbuffix,8k,128k,2,496.720703125,0.03176456243611444,496.6982421875,496.7431640625,3973.771279,0.25459096813893883,3973.591256,3973.951302,29.10986328125,0.003280036338511817,29.1075439453125,29.1121826171875,2.595840799212605,0.00029249371830221426,2.595633974920939,2.596047623504271,8048.017964184501,0.4973875245680185,8047.666258093001,8048.369670276,1794.048,0.0,1794.048,1794.048,20447.232,185.36380004736648,20316.16,20578.304,38010.88,0.0,38010.88,38010.88,8052.4055410575,0.48790673725604156,8052.060538895,8052.7505432200005,4.3875768735000005,0.00948078660587938,4.380872945,4.394280802,60.0105,0.010606601717798614,60.003,60.018,1299.0215576171877,0.012809405069378305,1299.0125,1299.030615234375,274.93988037109375,0.15638867995039735,274.829296875,275.0504638671875,0.0,0.0,0,0,0.0,0.0,0,0,5.697075499996572,8.414570457825585e-05,5.697015999998257,5.697134999994887,5.6972065000009025,8.414570972313482e-05,5.6971469999989495,5.697266000002855,2217.909090909091,0.0,2217.909090909091,2217.909090909091,323.07885070240826,0.07822672855230912,323.0235360521789,323.13416535263764,11478.0,2.8284271247461903,11476,11480,3815488.0,429.9209229614209,3815184,3815792,9498376.0,2206.1731573020284,9496816,9499936,3.489426237483562,0.0002977120440789338,3.489215723278353,3.489636751688771,3.489426237483562,0.0002977120440789338,3.489215723278353,3.489636751688771
wbuffix,16k,4k,2,129.80615234375,0.16918082167060952,129.6865234375,129.92578125,33230.5194915,43.17050594363775,33199.993334,33261.045649,7.6063690185546875,0.009343787727471164,7.599761962890625,7.61297607421875,0.6782897893219901,0.0008332222370062779,0.6777006122279675,0.6788789664160126,961.879668624,1.2453678488591724,960.999060573,962.760276675,254.976,0.0,254.976,254.976,14090.24,0.0,14090.24,14090.24,15335.423999999999,92.68190002368195,15269.888,15400.96,962.750049046,1.2491264198002172,961.866783284,963.633314808,0.870380422,0.0037585709410681706,0.867722711,0.873038133,60.004,0.004242640687119446,60.001,60.007,378.7716064453125,0.1625862222952536,378.656640625,378.886572265625,58.44473876953125,0.2721912260490326,58.2522705078125,58.63720703125,0.0,0.0,0,0,0.0,0.0,0,0,5.91881099999955,0.0010762165200172919,5.918050000000221,5.91957199999888,5.9487984999977925,0.0011646048718638316,5.947974999995495,5.94962200000009,535.5653409090909,0.005022065207276204,535.5617897727273,535.5688920454545,89.02594386109519,0.394893568530419,88.74671194094037,89.30517578125,7073.5,24.748737341529164,7056,7091,1993962.0,2449.417890030201,1992230,1995694,2408458.0,10179.509221961538,2401260,2415656,2.2078733520729106,0.00362139430164855,2.205312639604865,2.210434064540957,8.831484550066346,0.014485573558754428,8.821241702773573,8.841727397359117
wbuffix,16k,8k,2,217.7841796875,0.30383494504109465,217.5693359375,217.9990234375,27876.479603,38.90425991084086,27848.970137,27903.989069,12.763179779052734,0.018714549437989298,12.749946594238281,12.776412963867188,1.1381428513781646,0.0016688498499855733,1.1369627963324576,1.1393229064238715,1146.6310834575002,1.5941048049469742,1145.50388114,1147.758285775,248.832,0.0,248.832,248.832,16646.144,92.68190002368324,16580.608,16711.68,17694.72,0.0,17694.72,17694.72,1147.682892379,1.6014430565914048,1146.5505011340001,1148.815283624,1.0518089215,0.007338251644670869,1.0466199939999998,1.056997849,60.011,0.004242640687119446,60.008,60.014,736.14873046875,0.2798734164207601,735.950830078125,736.346630859375,81.43385009765625,0.25886392050518264,81.2508056640625,81.61689453125,0.0,0.0,0,0,0.0,0.0,0,0,5.908033000003343,0.0008711555560810294,5.9074170000021695,5.908649000004516,5.975461999994877,0.0009248956639197628,5.97480799999903,5.976115999990725,1071.5774147727275,0.6357934552430324,1071.127840909091,1072.0269886363637,131.67238119982798,0.28437962568703634,131.4712944380734,131.87346796158258,8145.0,35.35533905932738,8120,8170,1672756.0,2398.506201784769,1671060,1674452,3278262.0,15635.54514559694,3267206,3289318,2.9597921994384584,0.006537098896093706,2.9551697724797434,2.9644146263971733,5.919090703242827,0.012881168541403448,5.909982341617594,5.9281990648680605
wbuffix,16k,16k,2,420.51318359375,0.2907147996870474,420.3076171875,420.71875,26912.872475,18.572100210895112,26899.740017,26926.004933,24.64111328125,0.01700439891281126,24.62908935546875,24.65313720703125,2.197344816617141,0.0015163490133048407,2.196272595947188,2.198417037287095,1187.5241971145,0.8283805021881814,1186.938443644,1188.109950585,246.784,0.0,246.784,246.784,16809.984,139.02285003552487,16711.68,16908.288,17956.864,0.0,17956.864,17956.864,1188.7650708795,0.8275838544752618,1188.179880724,1189.350261035,1.2408737644999999,0.0007966470057814511,1.24031045,1.241437079,60.004,0.0,60.004,60.004,1279.433544921875,0.5313658868389144,1279.0578125,1279.80927734375,320.7949462890625,1.8837766592547867,319.4629150390625,322.1269775390625,0.0,0.0,0,0,0.0,0.0,0,0,5.923956000006001,7.21248955183667e-05,5.923905000003288,5.924007000008714,5.945681000004697,8.061017976517641e-05,5.9456239999999525,5.945738000009442,2143.2428977272725,0.02209708691207961,2143.2272727272725,2143.2585227272725,246.69811227780963,0.32546956425116924,246.4679705418578,246.92825401376146,8326.5,17.67766952966369,8314,8339,1614880.0,1114.4002871499988,1614092,1615668,3428497.5,7935.859405256623,3422886,3434109,3.1230652297073727,0.0034491199987815935,3.120626333567108,3.125504125847637,3.1230652297073727,0.0034491199987815935,3.120626333567108,3.125504125847637
wbuffix,16k,32k,2,442.18994140625,3.815200162163745,439.4921875,444.8876953125,14150.089153,122.09796497089812,14063.752854,14236.425452,25.912811279296875,0.22023717678191845,25.757080078125,26.06854248046875,2.3107471200121337,0.019639413743387218,2.2968599573756565,2.3246342826486113,2259.628075611,19.540610975069654,2245.8107770819997,2273.44537414,464.896,0.0,464.896,464.896,18219.008,0.0,18219.008,18219.008,18743.296,0.0,18743.296,18743.296,2261.2912289184997,19.510476075975003,2247.495238981,2275.0872188559997,1.6631533075,0.030134899094368017,1.641844716,1.684461899,60.0075,0.007778174593048968,60.002,60.013,1285.66357421875,0.24154878130754162,1285.4927734375,1285.834375,322.195556640625,7.248880308111116,317.06982421875,327.3212890625,0.0,0.0,0,0,0.0,0.0,0,0,5.84646249999787,0.0004475985948177223,5.846145999996224,5.846778999999515,5.8679879999981495,0.00045113412477568073,5.867668999999296,5.868306999997003,2172.9829545454545,0.16070608663348165,2172.869318181818,2173.096590909091,267.59074415854354,4.160695211428987,264.64868836009174,270.5327999569954,9485.0,190.91883092036784,9350,9620,1698222.0,14433.463617579808,1688016,1708428,3938271.0,83227.88235921902,3879420,3997122,3.318930947029079,0.02929986592070703,3.2982128131486905,3.3396490809094677,3.318930947029079,0.02929986592070703,3.2982128131486905,3.3396490809094677
wbuffix,16k,64k,2,486.3125,0.09529368730834333,486.2451171875,486.3798828125,7781.005268999999,1.5215891413098082,7779.929343,7782.081195,28.49774169921875,0.004229520541765238,28.4947509765625,28.500732421875,2.5412555144462985,0.0003771629525479061,2.5409888199649395,2.5415222089276575,4109.7280668835,0.8075668437826641,4109.157030892,4110.299102875,897.024,0.0,897.024,897.024,19005.44,0.0,19005.44,19005.44,19529.728,0.0,19529.728,19529.728,4112.3310514585,0.8145265069206367,4111.755094242,4112.907008675,2.6029845755,0.006959662431382893,2.598063351,2.6079058,60.006,0.002828427124749647,60.004,60.008,1293.670166015625,0.0044194173823516114,1293.667041015625,1293.673291015625,254.3475341796875,0.2271511481165264,254.1869140625,254.508154296875,0.0,0.0,0,0,0.0,0.0,0,0,5.696676999999909,3.5355340738615874e-05,5.696651999998721,5.696702000001096,5.696797000000515,3.394113184235989e-05,5.696772999996028,5.696821000005002,2217.877574573864,0.008035304331577616,2217.871892755682,2217.8832563920455,311.65950222190367,0.08144499694431408,311.6019119122706,311.7170925315367,11344.0,0.0,11344,11344,1867628.0,277.18585822512665,1867432,1867824,4720564.0,277.18585822512665,4720368,4720760,3.527571910765989,0.0005235480767779101,3.527201706370622,3.5279421151613555,3.527571910765989,0.0005235480767779101,3.527201706370622,3.5279421151613555
wbuffix,16k,128k,1,496.9375,0.0,496.9375,496.9375,3975.50694,0.0,3975.50694,3975.50694,29.125732421875,0.0,29.125732421875,29.125732421875,2.597255912787163,0.0,2.597255912787163,2.597255912787163,8044.570397044,0.0,8044.570397044,8044.570397044,1794.048,0.0,1794.048,1794.048,20578.304,0.0,20578.304,20578.304,38010.88,0.0,38010.88,38010.88,8049.002266264,0.0,8049.002266264,8049.002266264,4.431869219,0.0,4.431869219,4.431869219,60.017,0.0,60.017,60.017,1299.043408203125,0.0,1299.043408203125,1299.043408203125,275.72421875,0.0,275.72421875,275.72421875,0.0,0.0,0,0,0.0,0.0,0,0,5.693545999994967,0.0,5.693545999994967,5.693545999994967,5.6936619999978575,0.0,5.6936619999978575,5.6936619999978575,2217.931818181818,0.0,2217.931818181818,2217.931818181818,323.3791391915138,0.0,323.3791391915138,323.3791391915138,11480.0,0.0,11480,11480,1908784.0,0.0,1908784,1908784,4749232.0,0.0,4749232,4749232,3.4880929429416843,0.0,3.4880929429416843,3.4880929429416843,3.4880929429416843,0.0,3.4880929429416843,3.4880929429416843
wbuffix,32k,4k,1,68.267578125,0.0,68.267578125,68.267578125,17476.662612,0.0,17476.662612,17476.662612,4.000823974609375,0.0,4.000823974609375,4.000823974609375,0.3567691817518213,0.0,0.3567691817518213,0.3567691817518213,1829.778939142,0.0,1829.778939142,1829.778939142,569.344,0.0,569.344,569.344,14483.456,0.0,14483.456,14483.456,15400.96,0.0,15400.96,15400.96,1830.776978553,0.0,1830.776978553,1830.776978553,0.9980394109999999,0.0,0.9980394109999999,0.9980394109999999,60.011,0.0,60.011,60.011,189.589892578125,0.0,189.589892578125,189.589892578125,32.3465087890625,0.0,32.3465087890625,32.3465087890625,0.0,0.0,0,0,0.0,0.0,0,0,6.06672499999695,0.0,6.06672499999695,6.06672499999695,6.149273000002722,0.0,6.149273000002722,6.149273000002722,255.990234375,0.0,255.990234375,255.990234375,47.42658600983796,0.0,47.42658600983796,47.42658600983796,7217.0,0.0,7217,7217,1048792.0,0.0,1048792,1048792,1189155.0,0.0,1189155,1189155,2.1338330193212762,0.0,2.1338330193212762,2.1338330193212762,17.07066415457021,0.0,17.07066415457021,17.07066415457021
wbuffix,32k,8k,1,131.701171875,0.0,131.701171875,131.701171875,16857.783259,0.0,16857.783259,16857.783259,7.717781066894531,0.0,7.717781066894531,7.717781066894531,0.6882248390956761,0.0,0.6882248390956761,0.6882248390956761,1896.88153005,0.0,1896.88153005,1896.88153005,561.152,0.0,561.152,561.152,15007.744,0.0,15007.744,15007.744,16056.32,0.0,16056.32,16056.32,1897.9697094970002,0.0,1897.9697094970002,1897.9697094970002,1.088179446,0.0,1.088179446,1.088179446,60.007,0.0,60.007,60.007,376.96962890625,0.0,376.96962890625,376.96962890625,60.14462890625,0.0,60.14462890625,60.14462890625,0.0,0.0,0,0,0.0,0.0,0,0,6.070339999998396,0.0,6.070339999998396,6.070339999998396,6.125444999997853,0.0,6.125444999997853,6.125444999997853,512.5690104166666,0.0,512.5690104166666,512.5690104166666,89.40211769386575,0.0,89.40211769386575,89.40211769386575,7315.0,0.0,7315,7315,1011585.0,0.0,1011585,1011585,1251473.0,0.0,1251473,1251473,2.2371407247043007,0.0,2.2371407247043007,2.2371407247043007,8.948562898817203,0.0,8.948562898817203,8.948562898817203
wbuffix,32k,16k,1,219.3134765625,0.0,219.3134765625,219.3134765625,14036.065464,0.0,14036.065464,14036.065464,12.850830078125,0.0,12.850830078125,12.850830078125,1.1459589726768697,0.0,1.1459589726768697,1.1459589726768697,2278.254541595,0.0,2278.254541595,2278.254541595,536.576,0.0,536.576,536.576,17432.576,0.0,17432.576,17432.576,17956.864,0.0,17956.864,17956.864,2279.5631445169997,0.0,2279.5631445169997,2279.5631445169997,1.308602922,0.0,1.308602922,1.308602922,60.002,0.0,60.002,60.002,741.2044921875,0.0,741.2044921875,741.2044921875,81.5145751953125,0.0,81.5145751953125,81.5145751953125,0.0,0.0,0,0,0.0,0.0,0,0,6.0688329999975394,0.0,6.0688329999975394,6.0688329999975394,6.105945999996038,0.0,6.105945999996038,6.105945999996038,1026.5729166666667,0.0,1026.5729166666667,1026.5729166666667,129.63075991030092,0.0,129.63075991030092,129.63075991030092,8250.0,0.0,8250,8250,842179.0,0.0,842179,842179,1660230.0,0.0,1660230,1660230,2.971350508621089,0.0,2.971350508621089,2.971350508621089,5.942609286243517,0.0,5.942609286243517,5.942609286243517
wbuffix,32k,32k,1,424.4931640625,0.0,424.4931640625,424.4931640625,13583.791621,0.0,13583.791621,13583.791621,24.875152587890625,0.0,24.875152587890625,24.875152587890625,2.2182150204696094,0.0,2.2182150204696094,2.2182150204696094,2353.817362273,0.0,2353.817362273,2353.817362273,528.384,0.0,528.384,528.384,17694.72,0.0,17694.72,17694.72,18219.008,0.0,18219.008,18219.008,2355.495204289,0.0,2355.495204289,2355.495204289,1.677842016,0.0,1.677842016,1.677842016,60.006,0.0,60.006,60.006,1278.334375,0.0,1278.334375,1278.334375,322.0790283203125,0.0,322.0790283203125,322.0790283203125,0.0,0.0,0,0,0.0,0.0,0,0,6.098887000000104,0.0,6.098887000000104,6.098887000000104,6.1433689999976195,0.0,6.1433689999976195,6.1433689999976195,2032.7708333333333,0.0,2032.7708333333333,2032.7708333333333,245.83823423032408,0.0,245.83823423032408,245.83823423032408,8401.0,0.0,8401,8401,815109.0,0.0,815109,815109,1725664.0,0.0,1725664,1725664,3.1170959957502617,0.0,3.1170959957502617,3.1170959957502617,3.1170959957502617,0.0,3.1170959957502617,3.1170959957502617
wbuffix,32k,64k,1,446.6650390625,0.0,446.6650390625,446.6650390625,7146.645112,0.0,7146.645112,7146.645112,26.17266845703125,0.0,26.17266845703125,26.17266845703125,2.333919604795517,0.0,2.333919604795517,2.333919604795517,4474.70419272,0.0,4474.70419272,4474.70419272,978.944,0.0,978.944,978.944,19005.44,0.0,19005.44,19005.44,19791.872,0.0,19791.872,19791.872,4477.327460668999,0.0,4477.327460668999,4477.327460668999,2.623267949,0.0,2.623267949,2.623267949,60.002,0.0,60.002,60.002,1286.8193359375,0.0,1286.8193359375,1286.8193359375,318.5359619140625,0.0,318.5359619140625,318.5359619140625,0.0,0.0,0,0,0.0,0.0,0,0,5.9784489999947255,0.0,5.9784489999947255,5.9784489999947255,6.00087099999655,0.0,6.00087099999655,6.00087099999655,2123.53515625,0.0,2123.53515625,2123.53515625,277.4786948107798,0.0,277.4786948107798,277.4786948107798,9540.0,0.0,9540,9540,857626.0,0.0,857626,857626,1974722.0,0.0,1974722,1974722,3.3025444657694614,0.0,3.3025444657694614,3.3025444657694614,3.3025444657694614,0.0,3.3025444657694614,3.3025444657694614
wbuffix,32k,128k,1,496.6708984375,0.0,496.6708984375,496.6708984375,3973.374211,0.0,3973.374211,3973.374211,29.110107421875,0.0,29.110107421875,29.110107421875,2.595862570190675,0.0,2.595862570190675,2.595862570190675,8049.000065379,0.0,8049.000065379,8049.000065379,1794.048,0.0,1794.048,1794.048,20316.16,0.0,20316.16,20316.16,38010.88,0.0,38010.88,38010.88,8053.293623856,0.0,8053.293623856,8053.293623856,4.2935584769999995,0.0,4.2935584769999995,4.2935584769999995,60.017,0.0,60.017,60.017,1299.040625,0.0,1299.040625,1299.040625,274.9625,0.0,274.9625,274.9625,0.0,0.0,0,0,0.0,0.0,0,0,5.697745999998006,0.0,5.697745999998006,5.697745999998006,5.697844000002078,0.0,5.697844000002078,5.697844000002078,2217.931818181818,0.0,2217.931818181818,2217.931818181818,323.07132489965596,0.0,323.07132489965596,323.07132489965596,11480.0,0.0,11480,11480,953880.0,0.0,953880,953880,2375124.0,0.0,2375124,2375124,3.489961001383822,0.0,3.489961001383822,3.489961001383822,3.489961001383822,0.0,3.489961001383822,3.489961001383822
wbuffix,64k,4k,1,47.0537109375,0.0,47.0537109375,47.0537109375,12045.792368,0.0,12045.792368,12045.792368,2.7575225830078125,0.0,2.7575225830078125,2.7575225830078125,0.24589911524360938,0.0,0.24589911524360938,0.24589911524360938,2655.297357685,0.0,2655.297357685,2655.297357685,937.984,0.0,937.984,937.984,11337.728,0.0,11337.728,11337.728,11730.944,0.0,11730.944,11730.944,2656.258097661,0.0,2656.258097661,2656.258097661,0.9607399759999999,0.0,0.9607399759999999,0.9607399759999999,60.01,0.0,60.01,60.01,123.588671875,0.0,123.588671875,123.588671875,24.842724609375,0.0,24.842724609375,24.842724609375,0.0,0.0,0,0,0.0,0.0,0,0,3.675038000001223,0.0,3.675038000001223,3.675038000001223,3.7150390000024345,0.0,3.7150390000024345,3.7150390000024345,219.23995535714286,0.0,219.23995535714286,219.23995535714286,36.39536953816372,0.0,36.39536953816372,36.39536953816372,15486.0,0.0,15486,15486,722868.0,0.0,722868,722868,1454598.0,0.0,1454598,1454598,3.012259499659689,0.0,3.012259499659689,3.012259499659689,48.196151994555024,0.0,48.196151994555024,48.196151994555024
wbuffix,64k,8k,1,93.271484375,0.0,93.271484375,93.271484375,11938.856114,0.0,11938.856114,11938.856114,5.465721130371094,0.0,5.465721130371094,5.465721130371094,0.48739981257398995,0.0,0.48739981257398995,0.48739981257398995,2678.98493264,0.0,2678.98493264,2678.98493264,921.6,0.0,921.6,921.6,11468.8,0.0,11468.8,11468.8,11862.016,0.0,11862.016,11862.016,2680.069705053,0.0,2680.069705053,2680.069705053,1.0847724129999998,0.0,1.0847724129999998,1.0847724129999998,60.006,0.0,60.006,60.006,246.790625,0.0,246.790625,246.790625,48.139453125,0.0,48.139453125,48.139453125,0.0,0.0,0,0,0.0,0.0,0,0,3.671268999998574,0.0,3.671268999998574,3.671268999998574,3.7137609999990673,0.0,3.7137609999990673,3.7137609999990673,438.60044642857144,0.0,438.60044642857144,438.60044642857144,71.89056450497787,0.0,71.89056450497787,71.89056450497787,15563.0,0.0,15563,15563,716403.0,0.0,716403,716403,1470904.0,0.0,1470904,1470904,3.0531795651330325,0.0,3.0531795651330325,3.0531795651330325,24.42543652106426,0.0,24.42543652106426,24.42543652106426
wbuffix,64k,16k,1,175.1572265625,0.0,175.1572265625,175.1572265625,11210.11148,0.0,11210.11148,11210.11148,10.265045166015625,0.0,10.265045166015625,10.265045166015625,0.9153743798194599,0.0,0.9153743798194599,0.9153743798194599,2852.9660485649997,0.0,2852.9660485649997,2852.9660485649997,937.984,0.0,937.984,937.984,11862.016,0.0,11862.016,11862.016,12124.16,0.0,12124.16,12124.16,2854.286160354,0.0,2854.286160354,2854.286160354,1.320111789,0.0,1.320111789,1.320111789,60.011,0.0,60.011,60.011,488.13125,0.0,488.13125,488.13125,82.8528564453125,0.0,82.8528564453125,82.8528564453125,0.0,0.0,0,0,0.0,0.0,0,0,3.674823000001197,0.0,3.674823000001197,3.674823000001197,3.718096999997215,0.0,3.718096999997215,3.718096999997215,876.5178571428571,0.0,876.5178571428571,876.5178571428571,131.74592090707964,0.0,131.74592090707964,131.74592090707964,15734.0,0.0,15734,15734,672730.0,0.0,672730,672730,1536469.0,0.0,1536469,1536469,3.283931146225083,0.0,3.283931146225083,3.283931146225083,13.135724584900332,0.0,13.135724584900332,13.135724584900332
wbuffix,64k,32k,1,285.6181640625,0.0,285.6181640625,285.6181640625,9139.800357,0.0,9139.800357,9139.800357,16.7374267578125,0.0,16.7374267578125,16.7374267578125,1.492542058064134,0.0,1.492542058064134,1.492542058064134,3499.234242672,0.0,3499.234242672,3499.234242672,978.944,0.0,978.944,978.944,12124.16,0.0,12124.16,12124.16,12386.304,0.0,12386.304,12386.304,3500.922221622,0.0,3500.922221622,3500.922221622,1.68797895,0.0,1.68797895,1.68797895,60.007,0.0,60.007,60.007,908.028125,0.0,908.028125,908.028125,143.3910400390625,0.0,143.3910400390625,143.3910400390625,0.0,0.0,0,0,0.0,0.0,0,0,3.6835230000069714,0.0,3.6835230000069714,3.6835230000069714,3.7194670000026235,0.0,3.7194670000026235,3.7194670000026235,1752.2142857142858,0.0,1752.2142857142858,1752.2142857142858,194.79779106747787,0.0,194.79779106747787,194.79779106747787,16146.0,0.0,16146,16146,548451.0,0.0,548451,548451,1713443.0,0.0,1713443,1713443,4.124149650561308,0.0,4.124149650561308,4.124149650561308,8.248284261886182,0.0,8.248284261886182,8.248284261886182
wbuffix,64k,64k,1,645.0830078125,0.0,645.0830078125,645.0830078125,10321.328578,0.0,10321.328578,10321.328578,37.80035400390625,0.0,37.80035400390625,37.80035400390625,3.370805977341089,0.0,3.370805977341089,3.370805977341089,3097.5773466670003,0.0,3097.5773466670003,3097.5773466670003,880.64,0.0,880.64,880.64,11993.088,0.0,11993.088,11993.088,12386.304,0.0,12386.304,12386.304,3100.120741941,0.0,3100.120741941,3100.120741941,2.543395275,0.0,2.543395275,2.543395275,60.004,0.0,60.004,60.004,1403.947802734375,0.0,1403.947802734375,1403.947802734375,518.9245361328125,0.0,518.9245361328125,518.9245361328125,0.0,0.0,0,0,0.0,0.0,0,0,3.8738410000005388,0.0,3.8738410000005388,3.8738410000005388,3.9467250000016065,0.0,3.9467250000016065,3.9467250000016065,3350.3865792410716,0.0,3350.3865792410716,3350.3865792410716,477.61637513827435,0.0,477.61637513827435,477.61637513827435,15930.0,0.0,15930,15930,619321.0,0.0,619321,619321,1614792.0,0.0,1614792,1614792,3.6073587041291995,0.0,3.6073587041291995,3.6073587041291995,3.6073587041291995,0.0,3.6073587041291995,3.6073587041291995
wbuffix,64k,128k,1,665.9638671875,0.0,665.9638671875,665.9638671875,5327.717509,0.0,5327.717509,5327.717509,39.0272216796875,0.0,39.0272216796875,39.0272216796875,3.4802105848879563,0.0,3.4802105848879563,3.4802105848879563,6001.688953683,0.0,6001.688953683,6001.688953683,1597.44,0.0,1597.44,1597.44,22675.456,0.0,22675.456,22675.456,24510.464,0.0,24510.464,24510.464,6005.98130977,0.0,6005.98130977,6005.98130977,4.292356087,0.0,4.292356087,4.292356087,60.009,0.0,60.009,60.009,1411.5625,0.0,1411.5625,1411.5625,534.134814453125,0.0,534.134814453125,534.134814453125,0.0,0.0,0,0,0.0,0.0,0,0,3.880565999999817,0.0,3.880565999999817,3.880565999999817,3.8986619999996037,0.0,3.8986619999996037,3.8986619999996037,3348.1785714285716,0.0,3348.1785714285716,3348.1785714285716,499.88557798672565,0.0,499.88557798672565,499.88557798672565,16808.0,0.0,16808,16808,639422.0,0.0,639422,639422,1707056.0,0.0,1707056,1707056,3.669686060223139,0.0,3.669686060223139,3.669686060223139,3.669686060223139,0.0,3.669686060223139,3.669686060223139
wbuffix,128k,4k,1,28.1337890625,0.0,28.1337890625,28.1337890625,7202.426384,0.0,7202.426384,7202.426384,1.6486968994140625,0.0,1.6486968994140625,1.6486968994140625,0.14702077559364504,0.0,0.14702077559364504,0.14702077559364504,4441.680233341,0.0,4441.680233341,4441.680233341,2441.216,0.0,2441.216,2441.216,10158.08,0.0,10158.08,10158.08,16056.32,0.0,16056.32,16056.32,4442.658270271,0.0,4442.658270271,4442.658270271,0.97803693,0.0,0.97803693,0.97803693,60.007,0.0,60.007,60.007,77.282421875,0.0,77.282421875,77.282421875,14.4163330078125,0.0,14.4163330078125,14.4163330078125,0.0,0.0,0,0,0.0,0.0,0,0,2.4756500000003143,0.0,2.4756500000003143,2.4756500000003143,2.5159199999980046,0.0,2.5159199999980046,2.5159199999980046,170.169921875,0.0,170.169921875,170.169921875,23.238996834590516,0.0,23.238996834590516,23.238996834590516,22262.0,0.0,22262,22262,432196.0,0.0,432196,432196,1090213.0,0.0,1090213,1090213,3.522496737591278,0.0,3.522496737591278,3.522496737591278,112.7198956029209,0.0,112.7198956029209,112.7198956029209
wbuffix,128k,8k,1,56.1123046875,0.0,56.1123046875,56.1123046875,7182.418132,0.0,7182.418132,7182.418132,3.2881240844726562,0.0,3.2881240844726562,3.2881240844726562,0.2932149343636902,0.0,0.2932149343636902,0.2932149343636902,4453.994508201,0.0,4453.994508201,4453.994508201,2441.216,0.0,2441.216,2441.216,10158.08,0.0,10158.08,10158.08,16580.608,0.0,16580.608,16580.608,4455.064317237,0.0,4455.064317237,4455.064317237,1.069809036,0.0,1.069809036,1.069809036,60.005,0.0,60.005,60.005,154.10078125,0.0,154.10078125,154.10078125,28.7475341796875,0.0,28.7475341796875,28.7475341796875,0.0,0.0,0,0,0.0,0.0,0,0,2.4740230000024894,0.0,2.4740230000024894,2.4740230000024894,2.5143670000034035,0.0,2.5143670000034035,2.5143670000034035,340.44921875,0.0,340.44921875,340.44921875,46.31033640894397,0.0,46.31033640894397,46.31033640894397,22231.0,0.0,22231,22231,430981.0,0.0,430981,430981,1089448.0,0.0,1089448,1089448,3.5278330135203175,0.0,3.5278330135203175,3.5278330135203175,56.44532821632508,0.0,56.44532821632508,56.44532821632508
wbuffix,128k,16k,1,110.900390625,0.0,110.900390625,110.900390625,7097.668683,0.0,7097.668683,7097.668683,6.49908447265625,0.0,6.49908447265625,6.49908447265625,0.5795488789710934,0.0,0.5795488789710934,0.5795488789710934,4506.955227055,0.0,4506.955227055,4506.955227055,2506.752,0.0,2506.752,2506.752,10289.152,0.0,10289.152,10289.152,16056.32,0.0,16056.32,16056.32,4508.221410336,0.0,4508.221410336,4508.221410336,1.2661832819999999,0.0,1.2661832819999999,1.2661832819999999,60.009,0.0,60.009,60.009,307.5171875,0.0,307.5171875,307.5171875,56.495556640625,0.0,56.495556640625,56.495556640625,0.0,0.0,0,0,0.0,0.0,0,0,2.4767270000011194,0.0,2.4767270000011194,2.4767270000011194,2.516405999995186,0.0,2.516405999995186,2.516405999995186,680.5078125,0.0,680.5078125,680.5078125,91.2716864224138,0.0,91.2716864224138,91.2716864224138,22202.0,0.0,22202,22202,425924.0,0.0,425924,425924,1092651.0,0.0,1092651,1092651,3.5653661216555066,0.0,3.5653661216555066,3.5653661216555066,28.522928973244053,0.0,28.522928973244053,28.522928973244053
wbuffix,128k,32k,1,204.96875,0.0,204.96875,204.96875,6559.014181,0.0,6559.014181,6559.014181,12.012115478515625,0.0,12.012115478515625,12.012115478515625,1.0711674988892337,0.0,1.0711674988892337,1.0711674988892337,4876.810864817,0.0,4876.810864817,4876.810864817,2899.968,0.0,2899.968,2899.968,12648.448,0.0,12648.448,12648.448,18219.008,0.0,18219.008,18219.008,4878.452653136,0.0,4878.452653136,4878.452653136,1.64178832,0.0,1.64178832,1.64178832,60.011,0.0,60.011,60.011,598.7125,0.0,598.7125,598.7125,98.1305419921875,0.0,98.1305419921875,98.1305419921875,0.0,0.0,0,0,0.0,0.0,0,0,2.4774079999988317,0.0,2.4774079999988317,2.4774079999988317,2.5365579999997863,0.0,2.5365579999997863,2.5365579999997863,1359.0625,0.0,1359.0625,1359.0625,165.20036368534483,0.0,165.20036368534483,165.20036368534483,22024.0,0.0,22024,22024,393613.0,0.0,393613,393613,1113559.0,0.0,1113559,1113559,3.8290706861816046,0.0,3.8290706861816046,3.8290706861816046,15.316282744726418,0.0,15.316282744726418,15.316282744726418
wbuffix,128k,64k,1,340.6552734375,0.0,340.6552734375,340.6552734375,5450.488285,0.0,5450.488285,5450.488285,19.9622802734375,0.0,19.9622802734375,19.9622802734375,1.78011490739234,0.0,1.78011490739234,1.78011490739234,5868.172731687,0.0,5868.172731687,5868.172731687,7307.264,0.0,7307.264,7307.264,16711.68,0.0,16711.68,16711.68,18743.296,0.0,18743.296,18743.296,5870.736388558999,0.0,5870.736388558999,5870.736388558999,2.563656872,0.0,2.563656872,2.563656872,60.006,0.0,60.006,60.006,1051.298486328125,0.0,1051.298486328125,1051.298486328125,192.600146484375,0.0,192.600146484375,192.600146484375,0.0,0.0,0,0,0.0,0.0,0,0,2.474275000000489,0.0,2.474275000000489,2.474275000000489,2.520777999998245,0.0,2.520777999998245,2.520777999998245,2716.273681640625,0.0,2716.273681640625,2716.273681640625,258.79452619881465,0.0,258.79452619881465,258.79452619881465,21712.0,0.0,21712,21712,327062.0,0.0,327062,327062,1160138.0,0.0,1160138,1160138,4.547150081635897,0.0,4.547150081635897,4.547150081635897,9.094300163271795,0.0,9.094300163271795,9.094300163271795
wbuffix,128k,128k,1,837.771484375,0.0,837.771484375,837.771484375,6702.178007,0.0,6702.178007,6702.178007,49.0955810546875,0.0,49.0955810546875,49.0955810546875,4.378045720499676,0.0,4.378045720499676,4.378045720499676,4770.3012405399995,0.0,4770.3012405399995,4770.3012405399995,2244.608,0.0,2244.608,2244.608,11337.728,0.0,11337.728,11337.728,18219.008,0.0,18219.008,18219.008,4774.282822026999,0.0,4774.282822026999,4774.282822026999,3.981581487,0.0,3.981581487,3.981581487,60.009,0.0,60.009,60.009,1482.975,0.0,1482.975,1482.975,671.598681640625,0.0,671.598681640625,671.598681640625,0.0,0.0,0,0,0.0,0.0,0,0,3.8665669999973034,0.0,3.8665669999973034,3.8665669999973034,3.8952960000024177,0.0,3.8952960000024177,3.8952960000024177,3357.214285714286,0.0,3357.214285714286,3357.214285714286,681.7942477876106,0.0,681.7942477876106,681.7942477876106,21413.0,0.0,21413,21413,402191.0,0.0,402191,402191,1065766.0,0.0,1065766,1065766,3.6499001718089166,0.0,3.6499001718089166,3.6499001718089166,3.6499001718089166,0.0,3.6499001718089166,3.6499001718089166
