variant,map,bs,rep,bw_MiBps,iops,written_GiB,fill_ratio,clat_mean_us,clat_p50_us,clat_p99_us,clat_p999_us,lat_mean_us,slat_mean_us,runtime_s,bw_first10s_MiBps,bw_last20s_MiBps,dev_bytes,chmodel_msgs,kernel_warn,blk_wr_ios,blk_wr_merges,blk_avg_req_KiB,gc_onset_s,gc_onset_last_part_s,bw_pre_gc_MiBps,bw_post_gc_MiBps,gc_cnt,ftl_host_pgs,ftl_gc_pgs,waf_gc,waf_total
wbuffix,4k,8k,1,438.130859375,56080.782497,25.67730712890625,2.289746290291245,569.3828087310001,120.32,16580.608,17694.72,570.377011736,0.994203004,60.013,1285.0623046875,330.3716552734375,12040984064,0,0,3363759,1817,8.004321355959211,5.737140999990515,5.756448000000091,2211.021306818182,259.33522971616975,9418,6731152,15677914,3.3291576241332836,3.3291576241332836
wbuffix,4k,8k,2,437.212890625,55963.335167,25.6192626953125,2.284570240255074,570.5790005429999,120.32,16580.608,17956.864,571.570813988,0.991813445,60.003,1285.83330078125,325.344287109375,12040984064,0,0,3356194,1774,8.004228599419461,5.739598999993177,5.758604999995441,2211.0227272727275,258.27139478211006,9366,6715936,15586294,3.320792514997165,3.320792514997165
wbuffix,4k,8k,3,435.708984375,55770.834375,25.53369140625,2.2769395124414973,572.564960905,120.32,16580.608,17694.72,573.5432185909999,0.9782576860000001,60.009,1285.834521484375,334.511279296875,12040984064,0,0,3344978,1774,8.004242778278362,5.739418999990448,5.758342000000994,2211.0227272727275,256.64839270355503,9294,6693504,15461194,3.3098804452794828,3.3098804452794828
wbuffix,4k,64k,1,486.2939453125,7780.70687,28.4990234375,2.5413698120811663,4109.839365491,897.024,19005.44,19529.728,4112.447274062,2.60790857,60.011,1293.667041015625,254.405859375,12040984064,0,0,466928,0,64.0,5.693085999999312,5.69327199998952,2217.871892755682,311.666069380734,11344,7470848,18881936,3.527415361683172,3.527415361683172
wbuffix,4k,64k,2,486.34375,7781.514566,28.4986572265625,2.541337155614061,4109.4702161019995,897.024,19005.44,19529.728,4112.067183307,2.5969672040000003,60.004,1293.673291015625,254.38623046875,12040984064,0,0,466921,1,64.000137068155,5.692842999997083,5.693033000003197,2217.8832563920455,311.65788954988534,11344,7470752,18882016,3.5274585476803404,3.5274585476803404
wbuffix,4k,64k,3,486.3134765625,7781.028709,28.5030517578125,2.5417290332193234,4109.716783511,897.024,19005.44,19529.728,4112.292090271,2.57530676,60.017,1293.673291015625,254.62978515625,12040984064,0,0,466994,0,64.0,5.692764999999781,5.692955999998958,2217.8832563920455,311.74640732511466,11348,7471904,18888672,3.527959674000094,3.527959674000094
wbuffix,16k,8k,1,217.2578125,27809.058792,12.731674194335938,1.135333374692522,1149.4019723739998,248.832,16580.608,17694.72,1150.4553575979999,1.0533852240000001,60.008,735.921875,80.7850341796875,12040984064,0,0,1668405,361,8.001730994572661,5.905100000003586,5.972510000006878,1071.9943181818182,131.0379963446101,8082,1668592,3250164,2.9478482457065596,5.895081755021375
wbuffix,16k,8k,2,217.462890625,27835.274709,12.743888854980469,1.1364226039390928,1148.294872374,248.832,16449.536,17694.72,1149.3688392489998,1.073966875,60.009,736.346484375,80.936181640625,12040984064,0,0,1670063,304,8.001456232489433,5.904936999999336,5.972376999998232,1072.034090909091,131.26311639908258,8106,1670210,3260794,2.952325755443926,5.904096524895428
wbuffix,16k,8k,3,217.1875,27800.03666,12.728179931640625,1.1350217775688936,1149.773176237,248.832,16580.608,17694.72,1150.822708217,1.04953198,60.011,736.344921875,80.9638916015625,12040984064,0,0,1668020,288,8.001381278401938,5.904838999995263,5.972612999990815,1072.0326704545455,130.9661338876147,8074,1668164,3246459,2.946126999503646,5.891745409121097
wbuffix,16k,64k,1,486.2802734375,7780.499592,28.497314453125,2.5412174152346756,4109.93445085,897.024,19005.44,19529.728,4112.578399227,2.643948377,60.009,1293.673095703125,254.3640869140625,12040984064,0,0,466900,0,64.0,5.693203000002541,5.693322999999509,2217.882901278409,311.6446029243119,11344,1867600,4720596,3.5276269008352967,3.5276269008352967
wbuffix,16k,64k,2,486.4716796875,7783.553607,28.50469970703125,2.541875987321297,4108.4000970239995,897.024,19005.44,19529.728,4110.984835832,2.584738808,60.001,1293.673291015625,254.700244140625,12040984064,0,0,467020,1,64.00013703909897,5.692716999998083,5.692835000008927,2217.8832563920455,311.77622383887615,11348,1868084,4722020,3.5277342988859175,3.5277342988859175
wbuffix,16k,64k,3,486.4501953125,7783.213637,28.5091552734375,2.5422733076710764,4108.5780798999995,897.024,19005.44,19529.728,4111.113751483,2.535671582,60.013,1293.673291015625,254.9244140625,12040984064,0,0,467093,1,64.00013701768171,5.692995999997947,5.6931169999879785,2217.8832563920455,311.857368119266,11348,1868376,4721864,3.5272557558007596,3.5272557558007596
wbuffix,32k,8k,1,131.8935546875,16882.453918,7.728431701660156,0.6891745980139851,1894.1141342239998,561.152,15007.744,15925.248,1895.208209823,1.0940755999999998,60.002,377.1015625,59.9103271484375,12040984064,0,0,1012980,1,8.000007897490573,6.0670829999871785,6.122087999989162,512.5690104166666,89.60399486400463,7344,1012980,1257468,2.2413552093822187,8.965411986996795
wbuffix,32k,8k,2,131.82421875,16873.604213,7.7243804931640625,0.688813335846634,1895.132102067,561.152,15007.744,16056.32,1896.1988446750001,1.066742608,60.002,377.0984375,60.5785888671875,12040984064,0,0,1012450,0,8.0,6.0666350000101374,6.121722000010777,512.56640625,89.52584273726852,7329,1012450,1254180,2.238757469504667,8.955029878018667
wbuffix,32k,8k,3,132.12890625,16912.55228,7.743629455566406,0.69052984139885,1890.755612664,561.152,15138.816,16056.32,1891.824241523,1.068628859,60.013,377.25078125,61.0137451171875,12040984064,0,0,1014973,0,8.0,6.066663999998127,6.12164899999334,512.5690104166666,89.89108615451389,7386,1014973,1266264,2.2475839258778314,8.990335703511326
wbuffix,32k,64k,1,447.1337890625,7154.148683,26.20233154296875,2.3365647786310366,4470.067407348,978.944,19005.44,19791.872,4472.653492698,2.5860853510000004,60.007,1286.8193359375,319.8061279296875,12040984064,0,0,429299,0,64.0,5.972408000001451,5.994797999999719,2124.2624289772725,277.9536088016055,9562,858598,1979380,3.305362928867759,3.305362928867759
wbuffix,32k,64k,2,447.111328125,7153.791035,26.20233154296875,2.3365647786310366,4470.220853226,978.944,19005.44,19529.728,4472.850019991,2.629166765,60.01,1286.823779296875,320.04267578125,12040984064,0,0,429298,1,64.00014908059204,5.97267400000419,5.995062000001781,2124.202325994318,277.9603103497706,9562,858598,1979380,3.305362928867759,3.305362928867759
wbuffix,32k,64k,3,447.1640625,7154.625602,26.20233154296875,2.3365647786310366,4469.785987144,978.944,19005.44,19529.728,4472.381158366999,2.595171223,60.003,1286.81787109375,320.0354248046875,12040984064,0,0,429299,0,64.0,5.9726579999987734,5.995077999992645,2124.2370383522725,277.95671767488534,9562,858598,1979380,3.305362928867759,3.305362928867759
